ds,key,topology,morph,L,kstar_true,n_hill,Dratio,slow_idx,sigma,frac_strict,frac_loose,frac_loose_only,kstar_cv
three_gene_test,sample_0000,cross_repress,spots,59.59159563212364,0.632624641833811,3.0,84.14892135506115,0,0.01,1.0,1.0,0.0,0.01144282396469681
three_gene_test,sample_0000,cross_repress,spots,59.59159563212364,0.632624641833811,3.0,84.14892135506115,0,0.048,0.995,0.995,0.0,0.02789112792096233
three_gene_test,sample_0000,cross_repress,spots,59.59159563212364,0.632624641833811,3.0,84.14892135506115,0,0.1,0.8925,0.8925,0.0,0.060008134277530205
three_gene_test,sample_0000,cross_repress,spots,59.59159563212364,0.632624641833811,3.0,84.14892135506115,0,0.2,0.7275,0.7425,0.015,0.1152661931125998
three_gene_test,sample_0001,relay_chain,spots,89.31680119229944,0.42208309455587395,2.0,80.28802947766079,0,0.01,1.0,1.0,0.0,0.017848579204874128
three_gene_test,sample_0001,relay_chain,spots,89.31680119229944,0.42208309455587395,2.0,80.28802947766079,0,0.048,0.985,1.0,0.015,0.030523037160044925
three_gene_test,sample_0001,relay_chain,spots,89.31680119229944,0.42208309455587395,2.0,80.28802947766079,0,0.1,0.855,1.0,0.145,0.05428748992415675
three_gene_test,sample_0001,relay_chain,spots,89.31680119229944,0.42208309455587395,2.0,80.28802947766079,0,0.2,0.665,0.9625,0.2975,0.10535684024950036
three_gene_test,sample_0002,double_inhibitor,spots,207.74960182586813,0.18146418338108883,2.0,129.78377541816386,0,0.01,1.0,1.0,0.0,0.03598812262910592
three_gene_test,sample_0002,double_inhibitor,spots,207.74960182586813,0.18146418338108883,2.0,129.78377541816386,0,0.048,1.0,1.0,0.0,0.042599551676677165
three_gene_test,sample_0002,double_inhibitor,spots,207.74960182586813,0.18146418338108883,2.0,129.78377541816386,0,0.1,1.0,1.0,0.0,0.05925011150799348
three_gene_test,sample_0002,double_inhibitor,spots,207.74960182586813,0.18146418338108883,2.0,129.78377541816386,0,0.2,0.985,0.9925,0.0075,0.10671509046371416
three_gene_test,sample_0003,double_inhibitor,labyrinth,124.92513253291477,0.3017736389684814,2.0,239.52674789698364,0,0.01,1.0,1.0,0.0,0.024664984035803878
three_gene_test,sample_0003,double_inhibitor,labyrinth,124.92513253291477,0.3017736389684814,2.0,239.52674789698364,0,0.048,0.975,0.975,0.0,0.03151141753013449
three_gene_test,sample_0003,double_inhibitor,labyrinth,124.92513253291477,0.3017736389684814,2.0,239.52674789698364,0,0.1,0.805,0.805,0.0,0.054823806523556
three_gene_test,sample_0003,double_inhibitor,labyrinth,124.92513253291477,0.3017736389684814,2.0,239.52674789698364,0,0.2,0.6675,0.67,0.0025,0.1252595038541021
three_gene_test,sample_0004,double_inhibitor,spots,104.16180466962271,0.36192836676217766,3.0,200.50082871905025,0,0.01,1.0,1.0,0.0,0.019818640758491157
three_gene_test,sample_0004,double_inhibitor,spots,104.16180466962271,0.36192836676217766,3.0,200.50082871905025,0,0.048,1.0,1.0,0.0,0.029249229749118262
three_gene_test,sample_0004,double_inhibitor,spots,104.16180466962271,0.36192836676217766,3.0,200.50082871905025,0,0.1,0.955,1.0,0.045,0.06549612537873688
three_gene_test,sample_0004,double_inhibitor,spots,104.16180466962271,0.36192836676217766,3.0,200.50082871905025,0,0.2,0.805,0.97,0.165,0.12304866314466206
three_gene_test,sample_0005,double_inhibitor,spots,170.14742629655944,0.22156733524355304,3.0,188.86056803727405,0,0.01,1.0,1.0,0.0,0.0342414524061602
three_gene_test,sample_0005,double_inhibitor,spots,170.14742629655944,0.22156733524355304,3.0,188.86056803727405,0,0.048,0.8625,1.0,0.1375,0.0353469100224055
three_gene_test,sample_0005,double_inhibitor,spots,170.14742629655944,0.22156733524355304,3.0,188.86056803727405,0,0.1,0.695,1.0,0.305,0.047594773091665425
three_gene_test,sample_0005,double_inhibitor,spots,170.14742629655944,0.22156733524355304,3.0,188.86056803727405,0,0.2,0.5875,1.0,0.4125,0.09211532149994342
three_gene_test,sample_0006,double_inhibitor,spots,48.14630909695523,0.7830114613180517,4.0,239.55544107620005,0,0.01,1.0,1.0,0.0,0.006490000676517868
three_gene_test,sample_0006,double_inhibitor,spots,48.14630909695523,0.7830114613180517,4.0,239.55544107620005,0,0.048,0.99,1.0,0.01,0.02496157855188058
three_gene_test,sample_0006,double_inhibitor,spots,48.14630909695523,0.7830114613180517,4.0,239.55544107620005,0,0.1,0.91,1.0,0.09,0.05167141282494071
three_gene_test,sample_0006,double_inhibitor,spots,48.14630909695523,0.7830114613180517,4.0,239.55544107620005,0,0.2,0.67,0.98,0.31,0.10464574579313629
three_gene_test,sample_0007,double_inhibitor,spots,69.50521690078477,0.5423925501432665,3.0,32.20697033592608,0,0.01,1.0,1.0,0.0,0.014098660442951482
three_gene_test,sample_0007,double_inhibitor,spots,69.50521690078477,0.5423925501432665,3.0,32.20697033592608,0,0.048,0.8525,0.8525,0.0,0.02788490764916406
three_gene_test,sample_0007,double_inhibitor,spots,69.50521690078477,0.5423925501432665,3.0,32.20697033592608,0,0.1,0.6925,0.6925,0.0,0.057992176981440755
three_gene_test,sample_0007,double_inhibitor,spots,69.50521690078477,0.5423925501432665,3.0,32.20697033592608,0,0.2,0.595,0.5975,0.0025,0.11461265844964205
three_gene_test,sample_0008,relay_chain,labyrinth,104.16180466962271,0.36192836676217766,2.0,74.89133704312215,0,0.01,1.0,1.0,0.0,0.020726525420148127
three_gene_test,sample_0008,relay_chain,labyrinth,104.16180466962271,0.36192836676217766,2.0,74.89133704312215,0,0.048,0.87,0.87,0.0,0.026318781131716512
three_gene_test,sample_0008,relay_chain,labyrinth,104.16180466962271,0.36192836676217766,2.0,74.89133704312215,0,0.1,0.72,0.7275,0.0075,0.0455545278279613
three_gene_test,sample_0008,relay_chain,labyrinth,104.16180466962271,0.36192836676217766,2.0,74.89133704312215,0,0.2,0.5625,0.695,0.1325,0.0927982794950811
three_gene_test,sample_0009,substrate_depl,labyrinth,196.87251284204777,0.1914899713467049,2.0,95.81540462187033,0,0.01,1.0,1.0,0.0,0.013588562528459441
three_gene_test,sample_0009,substrate_depl,labyrinth,196.87251284204777,0.1914899713467049,2.0,95.81540462187033,0,0.048,1.0,1.0,0.0,0.03935353916069567
three_gene_test,sample_0009,substrate_depl,labyrinth,196.87251284204777,0.1914899713467049,2.0,95.81540462187033,0,0.1,0.9925,1.0,0.0075,0.061192038448236556
three_gene_test,sample_0009,substrate_depl,labyrinth,196.87251284204777,0.1914899713467049,2.0,95.81540462187033,0,0.2,0.88,1.0,0.12,0.10697638212593928
three_gene_test,sample_0010,relay_chain,labyrinth,73.5857785502861,0.5123151862464184,3.0,32.48380731781962,0,0.01,0.5375,1.0,0.4625,0.00299500915428356
three_gene_test,sample_0010,relay_chain,labyrinth,73.5857785502861,0.5123151862464184,3.0,32.48380731781962,0,0.048,0.53,1.0,0.47,0.02821837588274094
three_gene_test,sample_0010,relay_chain,labyrinth,73.5857785502861,0.5123151862464184,3.0,32.48380731781962,0,0.1,0.5075,1.0,0.4925,0.05095304786891786
three_gene_test,sample_0010,relay_chain,labyrinth,73.5857785502861,0.5123151862464184,3.0,32.48380731781962,0,0.2,0.4325,1.0,0.5675,0.10348912329771373
three_gene_test,sample_0011,double_inhibitor,spots,98.69395648696695,0.3819799426934098,3.0,170.17455647053444,0,0.01,1.0,1.0,0.0,0.0020755589139385354
three_gene_test,sample_0011,double_inhibitor,spots,98.69395648696695,0.3819799426934098,3.0,170.17455647053444,0,0.048,0.9675,1.0,0.0325,0.027962585167811485
three_gene_test,sample_0011,double_inhibitor,spots,98.69395648696695,0.3819799426934098,3.0,170.17455647053444,0,0.1,0.7875,1.0,0.2125,0.05233999473971805
three_gene_test,sample_0011,double_inhibitor,spots,98.69395648696695,0.3819799426934098,3.0,170.17455647053444,0,0.2,0.61,1.0,0.39,0.11504185775743109
three_gene_test,sample_0012,substrate_depl,labyrinth,78.17535269091718,0.48223782234957024,4.0,92.34686527512605,0,0.01,0.985,0.985,0.0,0.005236179193565788
three_gene_test,sample_0012,substrate_depl,labyrinth,78.17535269091718,0.48223782234957024,4.0,92.34686527512605,0,0.048,0.6975,0.6975,0.0,0.026809510116484463
three_gene_test,sample_0012,substrate_depl,labyrinth,78.17535269091718,0.48223782234957024,4.0,92.34686527512605,0,0.1,0.5625,0.5625,0.0,0.05032599781724182
three_gene_test,sample_0012,substrate_depl,labyrinth,78.17535269091718,0.48223782234957024,4.0,92.34686527512605,0,0.2,0.595,0.595,0.0,0.10506840677640364
three_gene_test,sample_0013,relay_chain,spots,187.07773511970953,0.20151575931232094,2.0,139.93228276542897,0,0.01,1.0,1.0,0.0,2.865492600406991e-16
three_gene_test,sample_0013,relay_chain,spots,187.07773511970953,0.20151575931232094,2.0,139.93228276542897,0,0.048,0.96,1.0,0.04,0.03420500907011038
three_gene_test,sample_0013,relay_chain,spots,187.07773511970953,0.20151575931232094,2.0,139.93228276542897,0,0.1,0.8225,1.0,0.1775,0.05622291389628728
three_gene_test,sample_0013,relay_chain,spots,187.07773511970953,0.20151575931232094,2.0,139.93228276542897,0,0.2,0.6125,1.0,0.3875,0.09723402687536632
three_gene_test,sample_0014,selfinhib,stripes,85.26612898631963,0.4421346704871061,4.0,19.566160443317447,0,0.01,1.0,1.0,0.0,0.00840719952922218
three_gene_test,sample_0014,selfinhib,stripes,85.26612898631963,0.4421346704871061,4.0,19.566160443317447,0,0.048,0.675,0.9975,0.3225,0.030379223225358333
three_gene_test,sample_0014,selfinhib,stripes,85.26612898631963,0.4421346704871061,4.0,19.566160443317447,0,0.1,0.4975,0.8575,0.36,0.06346843839839518
three_gene_test,sample_0014,selfinhib,stripes,85.26612898631963,0.4421346704871061,4.0,19.566160443317447,0,0.2,0.34,0.7675,0.4275,0.1182550967405347
three_gene_test,sample_0015,cross_repress,stripes,62.56623044112651,0.6025472779369628,3.0,101.2994154609185,0,0.01,1.0,1.0,0.0,0.01037074772896532
three_gene_test,sample_0015,cross_repress,stripes,62.56623044112651,0.6025472779369628,3.0,101.2994154609185,0,0.048,1.0,1.0,0.0,0.02772477603415963
three_gene_test,sample_0015,cross_repress,stripes,62.56623044112651,0.6025472779369628,3.0,101.2994154609185,0,0.1,0.935,0.94,0.005,0.05862920130094206
three_gene_test,sample_0015,cross_repress,stripes,62.56623044112651,0.6025472779369628,3.0,101.2994154609185,0,0.2,0.73,0.7975,0.0675,0.10083407410477144
three_gene_test,sample_0016,relay_chain,labyrinth,156.02715722779783,0.24161891117478512,3.0,144.15790911131185,0,0.01,1.0,1.0,0.0,2.2947631996186864e-16
three_gene_test,sample_0016,relay_chain,labyrinth,156.02715722779783,0.24161891117478512,3.0,144.15790911131185,0,0.048,1.0,1.0,0.0,0.026652089396390338
three_gene_test,sample_0016,relay_chain,labyrinth,156.02715722779783,0.24161891117478512,3.0,144.15790911131185,0,0.1,0.92,0.9275,0.0075,0.04866048701066689
three_gene_test,sample_0016,relay_chain,labyrinth,156.02715722779783,0.24161891117478512,3.0,144.15790911131185,0,0.2,0.7475,0.8275,0.08,0.09136507503905168
three_gene_test,sample_0017,relay_chain,labyrinth,196.87251284204777,0.1914899713467049,2.0,201.0225199812235,0,0.01,1.0,1.0,0.0,0.027211045875579768
three_gene_test,sample_0017,relay_chain,labyrinth,196.87251284204777,0.1914899713467049,2.0,201.0225199812235,0,0.048,1.0,1.0,0.0,0.042007099372563333
three_gene_test,sample_0017,relay_chain,labyrinth,196.87251284204777,0.1914899713467049,2.0,201.0225199812235,0,0.1,1.0,1.0,0.0,0.05947845466447627
three_gene_test,sample_0017,relay_chain,labyrinth,196.87251284204777,0.1914899713467049,2.0,201.0225199812235,0,0.2,0.97,0.9925,0.0225,0.10963187135222795
three_gene_test,sample_0018,substrate_depl,labyrinth,63.62488530989918,0.5925214899713468,2.0,102.58402805040012,0,0.01,1.0,1.0,0.0,0.013588170818087504
three_gene_test,sample_0018,substrate_depl,labyrinth,63.62488530989918,0.5925214899713468,2.0,102.58402805040012,0,0.048,1.0,1.0,0.0,0.02793556354420965
three_gene_test,sample_0018,substrate_depl,labyrinth,63.62488530989918,0.5925214899713468,2.0,102.58402805040012,0,0.1,0.9625,0.9925,0.03,0.05898626857311787
three_gene_test,sample_0018,substrate_depl,labyrinth,63.62488530989918,0.5925214899713468,2.0,102.58402805040012,0,0.2,0.6875,0.91,0.2225,0.09633519130683378
three_gene_test,sample_0019,cross_repress,labyrinth,96.16979777234158,0.39200573065902583,3.0,109.3452747918671,0,0.01,1.0,1.0,0.0,0.02022524899276799
three_gene_test,sample_0019,cross_repress,labyrinth,96.16979777234158,0.39200573065902583,3.0,109.3452747918671,0,0.048,1.0,1.0,0.0,0.02893316969762649
three_gene_test,sample_0019,cross_repress,labyrinth,96.16979777234158,0.39200573065902583,3.0,109.3452747918671,0,0.1,0.9975,0.9975,0.0,0.058646051366455496
three_gene_test,sample_0019,cross_repress,labyrinth,96.16979777234158,0.39200573065902583,3.0,109.3452747918671,0,0.2,0.915,0.945,0.03,0.11571746349856393
three_gene_train,sample_0000,substrate_depl,stripes,39.95987922198312,0.9434240687679084,3.0,53.864536210473894,0,0.01,1.0,1.0,0.0,0.008197077009920617
three_gene_train,sample_0000,substrate_depl,stripes,39.95987922198312,0.9434240687679084,3.0,53.864536210473894,0,0.048,0.985,0.985,0.0,0.030723172648401513
three_gene_train,sample_0000,substrate_depl,stripes,39.95987922198312,0.9434240687679084,3.0,53.864536210473894,0,0.1,0.8575,0.88,0.0225,0.05755342777145536
three_gene_train,sample_0000,substrate_depl,stripes,39.95987922198312,0.9434240687679084,3.0,53.864536210473894,0,0.2,0.5325,0.68,0.1475,0.11698987859303049
three_gene_train,sample_0001,selfinhib,spots,124.92513253291477,0.3017736389684814,4.0,148.35654030254682,0,0.01,1.0,1.0,0.0,0.0
three_gene_train,sample_0001,selfinhib,spots,124.92513253291477,0.3017736389684814,4.0,148.35654030254682,0,0.048,1.0,1.0,0.0,0.028642181482910395
three_gene_train,sample_0001,selfinhib,spots,124.92513253291477,0.3017736389684814,4.0,148.35654030254682,0,0.1,0.9975,0.9975,0.0,0.055652106687821536
three_gene_train,sample_0001,selfinhib,spots,124.92513253291477,0.3017736389684814,4.0,148.35654030254682,0,0.2,0.9175,0.9225,0.005,0.11224468275007651
three_gene_train,sample_0002,substrate_depl,spots,58.66192582310031,0.642650429799427,4.0,88.68054027173802,0,0.01,1.0,1.0,0.0,0.004103364384939977
three_gene_train,sample_0002,substrate_depl,spots,58.66192582310031,0.642650429799427,4.0,88.68054027173802,0,0.048,1.0,1.0,0.0,0.02721324567944022
three_gene_train,sample_0002,substrate_depl,spots,58.66192582310031,0.642650429799427,4.0,88.68054027173802,0,0.1,1.0,1.0,0.0,0.05620738676317537
three_gene_train,sample_0002,substrate_depl,spots,58.66192582310031,0.642650429799427,4.0,88.68054027173802,0,0.2,0.9575,0.9575,0.0,0.10946001231563515
three_gene_train,sample_0003,cross_repress,spots,65.85343774142133,0.5724699140401147,3.0,187.62696446176008,0,0.01,1.0,1.0,0.0,0.008789504229466071
three_gene_train,sample_0003,cross_repress,spots,65.85343774142133,0.5724699140401147,3.0,187.62696446176008,0,0.048,0.9175,1.0,0.0825,0.025893089575266086
three_gene_train,sample_0003,cross_repress,spots,65.85343774142133,0.5724699140401147,3.0,187.62696446176008,0,0.1,0.7,1.0,0.3,0.05146196998729682
three_gene_train,sample_0003,cross_repress,spots,65.85343774142133,0.5724699140401147,3.0,187.62696446176008,0,0.2,0.6425,0.98,0.3375,0.10281118780899293
three_gene_train,sample_0004,double_inhibitor,labyrinth,107.12939919906569,0.3519025787965616,2.0,93.81693775432228,0,0.01,1.0,1.0,0.0,0.0022632219108939277
three_gene_train,sample_0004,double_inhibitor,labyrinth,107.12939919906569,0.3519025787965616,2.0,93.81693775432228,0,0.048,0.9925,1.0,0.0075,0.02901264334894829
three_gene_train,sample_0004,double_inhibitor,labyrinth,107.12939919906569,0.3519025787965616,2.0,93.81693775432228,0,0.1,0.8625,1.0,0.1375,0.05279608345009067
three_gene_train,sample_0004,double_inhibitor,labyrinth,107.12939919906569,0.3519025787965616,2.0,93.81693775432228,0,0.2,0.6975,1.0,0.3025,0.096850070298933
three_gene_train,sample_0005,cross_repress,labyrinth,107.12939919906569,0.3519025787965616,2.0,98.65543434482923,0,0.01,1.0,1.0,0.0,0.0022637348859534585
three_gene_train,sample_0005,cross_repress,labyrinth,107.12939919906569,0.3519025787965616,2.0,98.65543434482923,0,0.048,1.0,1.0,0.0,0.029850117689427594
three_gene_train,sample_0005,cross_repress,labyrinth,107.12939919906569,0.3519025787965616,2.0,98.65543434482923,0,0.1,0.98,1.0,0.02,0.06204940145838736
three_gene_train,sample_0005,cross_repress,labyrinth,107.12939919906569,0.3519025787965616,2.0,98.65543434482923,0,0.2,0.835,0.9975,0.1625,0.11188012295570092
three_gene_train,sample_0006,substrate_depl,spots,79.83513569758894,0.4722120343839542,4.0,16.62644140786036,0,0.01,1.0,1.0,0.0,0.012223338878513753
three_gene_train,sample_0006,substrate_depl,spots,79.83513569758894,0.4722120343839542,4.0,16.62644140786036,0,0.048,0.98,1.0,0.02,0.031000488275237843
three_gene_train,sample_0006,substrate_depl,spots,79.83513569758894,0.4722120343839542,4.0,16.62644140786036,0,0.1,0.8225,0.99,0.1675,0.06838005279800524
three_gene_train,sample_0006,substrate_depl,spots,79.83513569758894,0.4722120343839542,4.0,16.62644140786036,0,0.2,0.55,0.9125,0.3625,0.11409792363581811
three_gene_train,sample_0007,substrate_depl,labyrinth,81.56692704558535,0.46218624641833816,4.0,73.12777442975217,0,0.01,0.775,1.0,0.225,0.011201554252966518
three_gene_train,sample_0007,substrate_depl,labyrinth,81.56692704558535,0.46218624641833816,4.0,73.12777442975217,0,0.048,0.455,1.0,0.545,0.02614409362264148
three_gene_train,sample_0007,substrate_depl,labyrinth,81.56692704558535,0.46218624641833816,4.0,73.12777442975217,0,0.1,0.365,1.0,0.635,0.0465954860641354
three_gene_train,sample_0007,substrate_depl,labyrinth,81.56692704558535,0.46218624641833816,4.0,73.12777442975217,0,0.2,0.2975,1.0,0.7025,0.1048766791951346
three_gene_train,sample_0008,cross_repress,labyrinth,144.07093539671334,0.2616704871060172,3.0,244.44269886087463,0,0.01,1.0,1.0,0.0,0.019902336537220074
three_gene_train,sample_0008,cross_repress,labyrinth,144.07093539671334,0.2616704871060172,3.0,244.44269886087463,0,0.048,1.0,1.0,0.0,0.03287464852347895
three_gene_train,sample_0008,cross_repress,labyrinth,144.07093539671334,0.2616704871060172,3.0,244.44269886087463,0,0.1,1.0,1.0,0.0,0.04983399300893857
three_gene_train,sample_0008,cross_repress,labyrinth,144.07093539671334,0.2616704871060172,3.0,244.44269886087463,0,0.2,0.9975,1.0,0.0025,0.10584896438976098
three_gene_train,sample_0009,double_inhibitor,labyrinth,81.56692704558535,0.46218624641833816,4.0,143.74753900283733,0,0.01,1.0,1.0,0.0,0.009224954793482057
three_gene_train,sample_0009,double_inhibitor,labyrinth,81.56692704558535,0.46218624641833816,4.0,143.74753900283733,0,0.048,1.0,1.0,0.0,0.027212971184978577
three_gene_train,sample_0009,double_inhibitor,labyrinth,81.56692704558535,0.46218624641833816,4.0,143.74753900283733,0,0.1,1.0,1.0,0.0,0.05646849583177571
three_gene_train,sample_0009,double_inhibitor,labyrinth,81.56692704558535,0.46218624641833816,4.0,143.74753900283733,0,0.2,0.92,0.92,0.0,0.11394435624037888
three_gene_train,sample_0010,selfinhib,labyrinth,98.69395648696695,0.3819799426934098,4.0,152.83983704014346,0,0.01,1.0,1.0,0.0,0.0029386542145648288
three_gene_train,sample_0010,selfinhib,labyrinth,98.69395648696695,0.3819799426934098,4.0,152.83983704014346,0,0.048,1.0,1.0,0.0,0.03653595001454373
three_gene_train,sample_0010,selfinhib,labyrinth,98.69395648696695,0.3819799426934098,4.0,152.83983704014346,0,0.1,0.8675,0.9475,0.08,0.07439994645554068
three_gene_train,sample_0010,selfinhib,labyrinth,98.69395648696695,0.3819799426934098,4.0,152.83983704014346,0,0.2,0.61,0.7975,0.1875,0.1229803281802153
three_gene_train,sample_0011,selfinhib,labyrinth,124.92513253291477,0.3017736389684814,2.0,176.0136899716845,0,0.01,1.0,1.0,0.0,0.0
three_gene_train,sample_0011,selfinhib,labyrinth,124.92513253291477,0.3017736389684814,2.0,176.0136899716845,0,0.048,1.0,1.0,0.0,0.02948904899955099
three_gene_train,sample_0011,selfinhib,labyrinth,124.92513253291477,0.3017736389684814,2.0,176.0136899716845,0,0.1,0.9875,0.9875,0.0,0.05343703460030909
three_gene_train,sample_0011,selfinhib,labyrinth,124.92513253291477,0.3017736389684814,2.0,176.0136899716845,0,0.2,0.8175,0.8175,0.0,0.10078128437028577
three_gene_train,sample_0012,double_inhibitor,spots,81.56692704558535,0.46218624641833816,3.0,34.52766257076905,0,0.01,1.0,1.0,0.0,0.0034248187454875975
three_gene_train,sample_0012,double_inhibitor,spots,81.56692704558535,0.46218624641833816,3.0,34.52766257076905,0,0.048,1.0,1.0,0.0,0.028628572495669333
three_gene_train,sample_0012,double_inhibitor,spots,81.56692704558535,0.46218624641833816,3.0,34.52766257076905,0,0.1,0.9975,0.9975,0.0,0.056881376382828495
three_gene_train,sample_0012,double_inhibitor,spots,81.56692704558535,0.46218624641833816,3.0,34.52766257076905,0,0.2,0.7675,0.845,0.0775,0.10590408853757002
three_gene_train,sample_0013,selfinhib,spots,78.17535269091718,0.48223782234957024,4.0,223.95209020034133,0,0.01,0.9675,0.9675,0.0,0.005071592880826526
three_gene_train,sample_0013,selfinhib,spots,78.17535269091718,0.48223782234957024,4.0,223.95209020034133,0,0.048,0.7075,0.7075,0.0,0.037224362088169725
three_gene_train,sample_0013,selfinhib,spots,78.17535269091718,0.48223782234957024,4.0,223.95209020034133,0,0.1,0.565,0.5675,0.0025,0.07416418445615673
three_gene_train,sample_0013,selfinhib,spots,78.17535269091718,0.48223782234957024,4.0,223.95209020034133,0,0.2,0.4475,0.5375,0.09,0.1303943903436939
three_gene_train,sample_0014,relay_chain,labyrinth,149.81087212190351,0.25164469914040116,2.0,112.96048919882867,0,0.01,1.0,1.0,0.0,0.023348704059147248
three_gene_train,sample_0014,relay_chain,labyrinth,149.81087212190351,0.25164469914040116,2.0,112.96048919882867,0,0.048,0.915,1.0,0.085,0.032324164318123086
three_gene_train,sample_0014,relay_chain,labyrinth,149.81087212190351,0.25164469914040116,2.0,112.96048919882867,0,0.1,0.7575,1.0,0.2425,0.050002772273233846
three_gene_train,sample_0014,relay_chain,labyrinth,149.81087212190351,0.25164469914040116,2.0,112.96048919882867,0,0.2,0.59,1.0,0.41,0.0924545435933978
three_gene_train,sample_0015,substrate_depl,labyrinth,149.81087212190351,0.25164469914040116,4.0,154.66321780165774,0,0.01,1.0,1.0,0.0,0.02000480530601528
three_gene_train,sample_0015,substrate_depl,labyrinth,149.81087212190351,0.25164469914040116,4.0,154.66321780165774,0,0.048,1.0,1.0,0.0,0.0340131495934969
three_gene_train,sample_0015,substrate_depl,labyrinth,149.81087212190351,0.25164469914040116,4.0,154.66321780165774,0,0.1,0.9775,1.0,0.0225,0.052474849785539734
three_gene_train,sample_0015,substrate_depl,labyrinth,149.81087212190351,0.25164469914040116,4.0,154.66321780165774,0,0.2,0.835,1.0,0.165,0.10259735909143433
three_gene_train,sample_0016,selfinhib,spots,101.35418939107365,0.37195415472779375,3.0,232.3605284551253,0,0.01,1.0,1.0,0.0,0.014382734114778388
three_gene_train,sample_0016,selfinhib,spots,101.35418939107365,0.37195415472779375,3.0,232.3605284551253,0,0.048,1.0,1.0,0.0,0.029162894454407517
three_gene_train,sample_0016,selfinhib,spots,101.35418939107365,0.37195415472779375,3.0,232.3605284551253,0,0.1,1.0,1.0,0.0,0.05087621474386499
three_gene_train,sample_0016,selfinhib,spots,101.35418939107365,0.37195415472779375,3.0,232.3605284551253,0,0.2,0.9825,1.0,0.0175,0.10757281377734765
three_gene_train,sample_0017,selfinhib,labyrinth,129.2181303597923,0.2917478510028654,2.0,214.4912282059275,0,0.01,1.0,1.0,0.0,0.0027643569857059838
three_gene_train,sample_0017,selfinhib,labyrinth,129.2181303597923,0.2917478510028654,2.0,214.4912282059275,0,0.048,1.0,1.0,0.0,0.029260553283550005
three_gene_train,sample_0017,selfinhib,labyrinth,129.2181303597923,0.2917478510028654,2.0,214.4912282059275,0,0.1,1.0,1.0,0.0,0.053376862036065315
three_gene_train,sample_0017,selfinhib,labyrinth,129.2181303597923,0.2917478510028654,2.0,214.4912282059275,0,0.2,0.9775,1.0,0.0225,0.1017158720779585
three_gene_train,sample_0018,cross_repress,stripes,70.81417271219,0.5323667621776504,2.0,50.76230789992461,0,0.01,1.0,1.0,0.0,2.0908629298395348e-16
three_gene_train,sample_0018,cross_repress,stripes,70.81417271219,0.5323667621776504,2.0,50.76230789992461,0,0.048,0.98,0.98,0.0,0.023399590175334238
three_gene_train,sample_0018,cross_repress,stripes,70.81417271219,0.5323667621776504,2.0,50.76230789992461,0,0.1,0.87,0.87,0.0,0.047452721957780435
three_gene_train,sample_0018,cross_repress,stripes,70.81417271219,0.5323667621776504,2.0,50.76230789992461,0,0.2,0.685,0.685,0.0,0.09064562617194803
three_gene_train,sample_0019,double_inhibitor,labyrinth,89.31680119229944,0.42208309455587395,3.0,223.3253561509775,0,0.01,1.0,1.0,0.0,0.01133945195996042
three_gene_train,sample_0019,double_inhibitor,labyrinth,89.31680119229944,0.42208309455587395,3.0,223.3253561509775,0,0.048,1.0,1.0,0.0,0.0249061127382864
three_gene_train,sample_0019,double_inhibitor,labyrinth,89.31680119229944,0.42208309455587395,3.0,223.3253561509775,0,0.1,1.0,1.0,0.0,0.052978545307475144
three_gene_train,sample_0019,double_inhibitor,labyrinth,89.31680119229944,0.42208309455587395,3.0,223.3253561509775,0,0.2,0.9525,1.0,0.0475,0.0998469179360955
three_gene_train,sample_0020,selfinhib,labyrinth,101.35418939107365,0.37195415472779375,3.0,105.63413316271894,0,0.01,1.0,1.0,0.0,0.0021650972668614933
three_gene_train,sample_0020,selfinhib,labyrinth,101.35418939107365,0.37195415472779375,3.0,105.63413316271894,0,0.048,1.0,1.0,0.0,0.034935475088197984
three_gene_train,sample_0020,selfinhib,labyrinth,101.35418939107365,0.37195415472779375,3.0,105.63413316271894,0,0.1,0.9375,0.945,0.0075,0.06544440915438954
three_gene_train,sample_0020,selfinhib,labyrinth,101.35418939107365,0.37195415472779375,3.0,105.63413316271894,0,0.2,0.685,0.83,0.145,0.12921081971599355
three_gene_train,sample_0021,cross_repress,spots,107.12939919906569,0.3519025787965616,3.0,35.76371855346136,0,0.01,1.0,1.0,0.0,0.0055132668241963025
three_gene_train,sample_0021,cross_repress,spots,107.12939919906569,0.3519025787965616,3.0,35.76371855346136,0,0.048,0.9975,0.9975,0.0,0.031090048756201336
three_gene_train,sample_0021,cross_repress,spots,107.12939919906569,0.3519025787965616,3.0,35.76371855346136,0,0.1,0.88,0.88,0.0,0.057197828056211694
three_gene_train,sample_0021,cross_repress,spots,107.12939919906569,0.3519025787965616,3.0,35.76371855346136,0,0.2,0.7625,0.7625,0.0,0.10942169667121628
three_gene_train,sample_0022,cross_repress,spots,149.81087212190351,0.25164469914040116,2.0,158.06588806745424,0,0.01,1.0,1.0,0.0,0.014840826178983975
three_gene_train,sample_0022,cross_repress,spots,149.81087212190351,0.25164469914040116,2.0,158.06588806745424,0,0.048,0.9725,0.9725,0.0,0.032850776181183476
three_gene_train,sample_0022,cross_repress,spots,149.81087212190351,0.25164469914040116,2.0,158.06588806745424,0,0.1,0.85,0.85,0.0,0.05226296786919599
three_gene_train,sample_0022,cross_repress,spots,149.81087212190351,0.25164469914040116,2.0,158.06588806745424,0,0.2,0.6975,0.6975,0.0,0.0982232882234958
three_gene_train,sample_0023,substrate_depl,labyrinth,51.439501881466796,0.7328825214899715,4.0,34.319112515794245,0,0.01,0.9975,0.9975,0.0,0.009673885366829896
three_gene_train,sample_0023,substrate_depl,labyrinth,51.439501881466796,0.7328825214899715,4.0,34.319112515794245,0,0.048,0.6925,0.6925,0.0,0.029174871765530783
three_gene_train,sample_0023,substrate_depl,labyrinth,51.439501881466796,0.7328825214899715,4.0,34.319112515794245,0,0.1,0.6175,0.6175,0.0,0.0580710533049564
three_gene_train,sample_0023,substrate_depl,labyrinth,51.439501881466796,0.7328825214899715,4.0,34.319112515794245,0,0.2,0.49,0.6075,0.1175,0.11441758156926086
three_gene_train,sample_0024,relay_chain,labyrinth,178.21138366519548,0.21154154727793698,2.0,164.62828171101597,0,0.01,1.0,1.0,0.0,0.014031918232343218
three_gene_train,sample_0024,relay_chain,labyrinth,178.21138366519548,0.21154154727793698,2.0,164.62828171101597,0,0.048,1.0,1.0,0.0,0.04010285886819077
three_gene_train,sample_0024,relay_chain,labyrinth,178.21138366519548,0.21154154727793698,2.0,164.62828171101597,0,0.1,0.9925,1.0,0.0075,0.058079604570324066
three_gene_train,sample_0024,relay_chain,labyrinth,178.21138366519548,0.21154154727793698,2.0,164.62828171101597,0,0.2,0.8625,0.9975,0.135,0.10239312955670608
three_gene_train,sample_0025,substrate_depl,spots,129.2181303597923,0.2917478510028654,3.0,41.55618304835597,0,0.01,1.0,1.0,0.0,0.0027643569857059833
three_gene_train,sample_0025,substrate_depl,spots,129.2181303597923,0.2917478510028654,3.0,41.55618304835597,0,0.048,1.0,1.0,0.0,0.03121247213677337
three_gene_train,sample_0025,substrate_depl,spots,129.2181303597923,0.2917478510028654,3.0,41.55618304835597,0,0.1,1.0,1.0,0.0,0.057200086818201254
three_gene_train,sample_0025,substrate_depl,spots,129.2181303597923,0.2917478510028654,3.0,41.55618304835597,0,0.2,0.88,0.975,0.095,0.10718651698077175
three_gene_train,sample_0026,double_inhibitor,spots,133.81668243034602,0.28172206303724934,2.0,196.85752286668787,0,0.01,1.0,1.0,0.0,0.01243183501776737
three_gene_train,sample_0026,double_inhibitor,spots,133.81668243034602,0.28172206303724934,2.0,196.85752286668787,0,0.048,1.0,1.0,0.0,0.032549693258445096
three_gene_train,sample_0026,double_inhibitor,spots,133.81668243034602,0.28172206303724934,2.0,196.85752286668787,0,0.1,0.98,0.98,0.0,0.05903765791132663
three_gene_train,sample_0026,double_inhibitor,spots,133.81668243034602,0.28172206303724934,2.0,196.85752286668787,0,0.2,0.8025,0.81,0.0075,0.10885343395714625
three_gene_train,sample_0027,relay_chain,spots,110.27104750646653,0.3418767908309456,3.0,60.95055153657774,0,0.01,1.0,1.0,0.0,0.009004059847103018
three_gene_train,sample_0027,relay_chain,spots,110.27104750646653,0.3418767908309456,3.0,60.95055153657774,0,0.048,1.0,1.0,0.0,0.031258364753525086
three_gene_train,sample_0027,relay_chain,spots,110.27104750646653,0.3418767908309456,3.0,60.95055153657774,0,0.1,0.935,1.0,0.065,0.057967428287065664
three_gene_train,sample_0027,relay_chain,spots,110.27104750646653,0.3418767908309456,3.0,60.95055153657774,0,0.2,0.76,0.9775,0.2175,0.10317962307597277
three_gene_train,sample_0028,selfinhib,labyrinth,70.81417271219,0.5323667621776504,4.0,225.92176368866143,0,0.01,1.0,1.0,0.0,0.005368607776117044
three_gene_train,sample_0028,selfinhib,labyrinth,70.81417271219,0.5323667621776504,4.0,225.92176368866143,0,0.048,1.0,1.0,0.0,0.026509003264505913
three_gene_train,sample_0028,selfinhib,labyrinth,70.81417271219,0.5323667621776504,4.0,225.92176368866143,0,0.1,0.945,0.945,0.0,0.05322785630067558
three_gene_train,sample_0028,selfinhib,labyrinth,70.81417271219,0.5323667621776504,4.0,225.92176368866143,0,0.2,0.7575,0.7575,0.0,0.09780883912532742
three_gene_train,sample_0029,relay_chain,labyrinth,187.07773511970953,0.20151575931232094,2.0,179.47082075032978,0,0.01,1.0,1.0,0.0,2.865492600406991e-16
three_gene_train,sample_0029,relay_chain,labyrinth,187.07773511970953,0.20151575931232094,2.0,179.47082075032978,0,0.048,1.0,1.0,0.0,0.03144982148318854
three_gene_train,sample_0029,relay_chain,labyrinth,187.07773511970953,0.20151575931232094,2.0,179.47082075032978,0,0.1,1.0,1.0,0.0,0.05451533927729527
three_gene_train,sample_0029,relay_chain,labyrinth,187.07773511970953,0.20151575931232094,2.0,179.47082075032978,0,0.2,0.9725,1.0,0.0275,0.09758885319408253
three_gene_train,sample_0030,substrate_depl,labyrinth,70.81417271219,0.5323667621776504,4.0,109.55781325772307,0,0.01,1.0,1.0,0.0,0.002133036363612046
three_gene_train,sample_0030,substrate_depl,labyrinth,70.81417271219,0.5323667621776504,4.0,109.55781325772307,0,0.048,1.0,1.0,0.0,0.02606147362651965
three_gene_train,sample_0030,substrate_depl,labyrinth,70.81417271219,0.5323667621776504,4.0,109.55781325772307,0,0.1,0.9875,1.0,0.0125,0.054745546448800406
three_gene_train,sample_0030,substrate_depl,labyrinth,70.81417271219,0.5323667621776504,4.0,109.55781325772307,0,0.2,0.855,0.9925,0.1375,0.1055180402654159
three_gene_train,sample_0031,relay_chain,stripes,79.83513569758894,0.4722120343839542,3.0,83.2056852488999,0,0.01,1.0,1.0,0.0,0.006733468189121181
three_gene_train,sample_0031,relay_chain,stripes,79.83513569758894,0.4722120343839542,3.0,83.2056852488999,0,0.048,1.0,1.0,0.0,0.026941184003062345
three_gene_train,sample_0031,relay_chain,stripes,79.83513569758894,0.4722120343839542,3.0,83.2056852488999,0,0.1,0.9125,0.9275,0.015,0.052755500149236544
three_gene_train,sample_0031,relay_chain,stripes,79.83513569758894,0.4722120343839542,3.0,83.2056852488999,0,0.2,0.6475,0.8075,0.16,0.09991869328925561
three_gene_train,sample_0032,substrate_depl,spots,70.81417271219,0.5323667621776504,2.0,134.9184487819,0,0.01,1.0,1.0,0.0,0.004718581221125284
three_gene_train,sample_0032,substrate_depl,spots,70.81417271219,0.5323667621776504,2.0,134.9184487819,0,0.048,0.9975,1.0,0.0025,0.02573788392711825
three_gene_train,sample_0032,substrate_depl,spots,70.81417271219,0.5323667621776504,2.0,134.9184487819,0,0.1,0.955,1.0,0.045,0.05456680628149125
three_gene_train,sample_0032,substrate_depl,spots,70.81417271219,0.5323667621776504,2.0,134.9184487819,0,0.2,0.795,1.0,0.205,0.10790241038649008
three_gene_train,sample_0033,relay_chain,labyrinth,156.02715722779783,0.24161891117478512,2.0,187.3265172691703,0,0.01,0.9975,1.0,0.0025,1.1473815998093432e-16
three_gene_train,sample_0033,relay_chain,labyrinth,156.02715722779783,0.24161891117478512,2.0,187.3265172691703,0,0.048,0.71,1.0,0.29,0.02849424331001494
three_gene_train,sample_0033,relay_chain,labyrinth,156.02715722779783,0.24161891117478512,2.0,187.3265172691703,0,0.1,0.55,0.995,0.445,0.047823044910036486
three_gene_train,sample_0033,relay_chain,labyrinth,156.02715722779783,0.24161891117478512,2.0,187.3265172691703,0,0.2,0.5225,0.95,0.4275,0.09035199297106557
three_gene_train,sample_0034,substrate_depl,spots,117.14157280940597,0.3218252148997135,2.0,231.1962928953683,0,0.01,1.0,1.0,0.0,0.018769845630448735
three_gene_train,sample_0034,substrate_depl,spots,117.14157280940597,0.3218252148997135,2.0,231.1962928953683,0,0.048,0.98,1.0,0.02,0.047325704569931765
three_gene_train,sample_0034,substrate_depl,spots,117.14157280940597,0.3218252148997135,2.0,231.1962928953683,0,0.1,0.71,0.9875,0.2775,0.075188809108074
three_gene_train,sample_0034,substrate_depl,spots,117.14157280940597,0.3218252148997135,2.0,231.1962928953683,0,0.2,0.4475,0.915,0.4675,0.11982146683150934
three_gene_train,sample_0035,cross_repress,stripes,89.31680119229944,0.42208309455587395,3.0,124.31985707482964,0,0.01,1.0,1.0,0.0,0.017574086271087714
three_gene_train,sample_0035,cross_repress,stripes,89.31680119229944,0.42208309455587395,3.0,124.31985707482964,0,0.048,1.0,1.0,0.0,0.028545594921171508
three_gene_train,sample_0035,cross_repress,stripes,89.31680119229944,0.42208309455587395,3.0,124.31985707482964,0,0.1,0.9775,0.9775,0.0,0.05693239364753725
three_gene_train,sample_0035,cross_repress,stripes,89.31680119229944,0.42208309455587395,3.0,124.31985707482964,0,0.2,0.83,0.835,0.005,0.1076276296430291
three_gene_train,sample_0036,double_inhibitor,spots,117.14157280940597,0.3218252148997135,2.0,220.07204977179927,0,0.01,1.0,1.0,0.0,0.004961970176448572
three_gene_train,sample_0036,double_inhibitor,spots,117.14157280940597,0.3218252148997135,2.0,220.07204977179927,0,0.048,0.99,1.0,0.01,0.029560918471857756
three_gene_train,sample_0036,double_inhibitor,spots,117.14157280940597,0.3218252148997135,2.0,220.07204977179927,0,0.1,0.895,1.0,0.105,0.052062355268559096
three_gene_train,sample_0036,double_inhibitor,spots,117.14157280940597,0.3218252148997135,2.0,220.07204977179927,0,0.2,0.73,1.0,0.27,0.10909056738104038
three_gene_train,sample_0037,substrate_depl,labyrinth,96.16979777234158,0.39200573065902583,4.0,116.09557317909452,0,0.01,0.9725,1.0,0.0275,0.003634368765265572
three_gene_train,sample_0037,substrate_depl,labyrinth,96.16979777234158,0.39200573065902583,4.0,116.09557317909452,0,0.048,0.67,1.0,0.33,0.027156459859069688
three_gene_train,sample_0037,substrate_depl,labyrinth,96.16979777234158,0.39200573065902583,4.0,116.09557317909452,0,0.1,0.52,0.9825,0.4625,0.05350231469362649
three_gene_train,sample_0037,substrate_depl,labyrinth,96.16979777234158,0.39200573065902583,4.0,116.09557317909452,0,0.2,0.41,0.845,0.435,0.09086899500393329
three_gene_train,sample_0038,selfinhib,labyrinth,133.81668243034602,0.28172206303724934,2.0,204.90646474041935,0,0.01,1.0,1.0,0.0,0.02060970366991851
three_gene_train,sample_0038,selfinhib,labyrinth,133.81668243034602,0.28172206303724934,2.0,204.90646474041935,0,0.048,1.0,1.0,0.0,0.032609411557158414
three_gene_train,sample_0038,selfinhib,labyrinth,133.81668243034602,0.28172206303724934,2.0,204.90646474041935,0,0.1,1.0,1.0,0.0,0.05531186446401379
three_gene_train,sample_0038,selfinhib,labyrinth,133.81668243034602,0.28172206303724934,2.0,204.90646474041935,0,0.2,0.995,0.995,0.0,0.11080579055604725
three_gene_train,sample_0039,selfinhib,spots,110.27104750646653,0.3418767908309456,4.0,161.56476033896624,0,0.01,1.0,1.0,0.0,0.007033651810482014
three_gene_train,sample_0039,selfinhib,spots,110.27104750646653,0.3418767908309456,4.0,161.56476033896624,0,0.048,1.0,1.0,0.0,0.028281283967849267
three_gene_train,sample_0039,selfinhib,spots,110.27104750646653,0.3418767908309456,4.0,161.56476033896624,0,0.1,1.0,1.0,0.0,0.05927836980188807
three_gene_train,sample_0039,selfinhib,spots,110.27104750646653,0.3418767908309456,4.0,161.56476033896624,0,0.2,0.93,1.0,0.07,0.10474063536851477
three_gene_train,sample_0040,relay_chain,labyrinth,101.35418939107365,0.37195415472779375,3.0,86.08760736616479,0,0.01,1.0,1.0,0.0,0.0
three_gene_train,sample_0040,relay_chain,labyrinth,101.35418939107365,0.37195415472779375,3.0,86.08760736616479,0,0.048,0.9975,1.0,0.0025,0.027645609250969608
three_gene_train,sample_0040,relay_chain,labyrinth,101.35418939107365,0.37195415472779375,3.0,86.08760736616479,0,0.1,0.925,1.0,0.075,0.05432847720467788
three_gene_train,sample_0040,relay_chain,labyrinth,101.35418939107365,0.37195415472779375,3.0,86.08760736616479,0,0.2,0.75,1.0,0.25,0.09876948878708716
three_gene_train,sample_0041,cross_repress,labyrinth,76.58317830753232,0.4922636103151863,3.0,203.5116668642436,0,0.01,1.0,1.0,0.0,0.01614035897733735
three_gene_train,sample_0041,cross_repress,labyrinth,76.58317830753232,0.4922636103151863,3.0,203.5116668642436,0,0.048,1.0,1.0,0.0,0.026763037109538656
three_gene_train,sample_0041,cross_repress,labyrinth,76.58317830753232,0.4922636103151863,3.0,203.5116668642436,0,0.1,1.0,1.0,0.0,0.05122290429406796
three_gene_train,sample_0041,cross_repress,labyrinth,76.58317830753232,0.4922636103151863,3.0,203.5116668642436,0,0.2,0.995,1.0,0.005,0.10133918928813905
three_gene_train,sample_0042,double_inhibitor,labyrinth,138.75461425865362,0.27169627507163324,2.0,117.2664851879334,0,0.01,1.0,1.0,0.0,2.0257762716296166e-16
three_gene_train,sample_0042,double_inhibitor,labyrinth,138.75461425865362,0.27169627507163324,2.0,117.2664851879334,0,0.048,1.0,1.0,0.0,0.028751570028031328
three_gene_train,sample_0042,double_inhibitor,labyrinth,138.75461425865362,0.27169627507163324,2.0,117.2664851879334,0,0.1,1.0,1.0,0.0,0.05752225177080861
three_gene_train,sample_0042,double_inhibitor,labyrinth,138.75461425865362,0.27169627507163324,2.0,117.2664851879334,0,0.2,0.92,0.9275,0.0075,0.10846693057146856
three_gene_train,sample_0043,substrate_depl,labyrinth,56.03917690978888,0.6727277936962751,4.0,87.46086244009642,0,0.01,1.0,1.0,0.0,0.011995322612804862
three_gene_train,sample_0043,substrate_depl,labyrinth,56.03917690978888,0.6727277936962751,4.0,87.46086244009642,0,0.048,0.98,1.0,0.02,0.024323442779347643
three_gene_train,sample_0043,substrate_depl,labyrinth,56.03917690978888,0.6727277936962751,4.0,87.46086244009642,0,0.1,0.79,0.995,0.205,0.05025753519230411
three_gene_train,sample_0043,substrate_depl,labyrinth,56.03917690978888,0.6727277936962751,4.0,87.46086244009642,0,0.2,0.6075,0.94,0.3325,0.1012080518763283
three_gene_train,sample_0044,substrate_depl,spots,93.77153306797179,0.40203151862464187,3.0,225.04456351982662,0,0.01,1.0,1.0,0.0,0.011743974823683197
three_gene_train,sample_0044,substrate_depl,spots,93.77153306797179,0.40203151862464187,3.0,225.04456351982662,0,0.048,0.9425,1.0,0.0575,0.027657963740246747
three_gene_train,sample_0044,substrate_depl,spots,93.77153306797179,0.40203151862464187,3.0,225.04456351982662,0,0.1,0.76,1.0,0.24,0.056193095408023176
three_gene_train,sample_0044,substrate_depl,spots,93.77153306797179,0.40203151862464187,3.0,225.04456351982662,0,0.2,0.66,1.0,0.34,0.09530760857749651
three_gene_train,sample_0045,substrate_depl,spots,85.26612898631963,0.4421346704871061,2.0,75.6319921751886,0,0.01,1.0,1.0,0.0,0.017622549948022082
three_gene_train,sample_0045,substrate_depl,spots,85.26612898631963,0.4421346704871061,2.0,75.6319921751886,0,0.048,0.9825,1.0,0.0175,0.027413899620153215
three_gene_train,sample_0045,substrate_depl,spots,85.26612898631963,0.4421346704871061,2.0,75.6319921751886,0,0.1,0.8925,1.0,0.1075,0.05232701422967159
three_gene_train,sample_0045,substrate_depl,spots,85.26612898631963,0.4421346704871061,2.0,75.6319921751886,0,0.2,0.7175,0.9675,0.25,0.10531522016284435
three_gene_train,sample_0046,cross_repress,labyrinth,113.60252498129837,0.33185100286532954,3.0,176.304759549025,0,0.01,1.0,1.0,0.0,0.01917777810706515
three_gene_train,sample_0046,cross_repress,labyrinth,113.60252498129837,0.33185100286532954,3.0,176.304759549025,0,0.048,0.98,0.98,0.0,0.026988495667375483
three_gene_train,sample_0046,cross_repress,labyrinth,113.60252498129837,0.33185100286532954,3.0,176.304759549025,0,0.1,0.805,0.805,0.0,0.04895346137981117
three_gene_train,sample_0046,cross_repress,labyrinth,113.60252498129837,0.33185100286532954,3.0,176.304759549025,0,0.2,0.6025,0.6025,0.0,0.09481007018494465
three_gene_train,sample_0047,selfinhib,labyrinth,93.77153306797179,0.40203151862464187,2.0,147.13375875003172,0,0.01,1.0,1.0,0.0,0.0
three_gene_train,sample_0047,selfinhib,labyrinth,93.77153306797179,0.40203151862464187,2.0,147.13375875003172,0,0.048,0.9975,1.0,0.0025,0.028749277975325862
three_gene_train,sample_0047,selfinhib,labyrinth,93.77153306797179,0.40203151862464187,2.0,147.13375875003172,0,0.1,0.845,1.0,0.155,0.05321208346234234
three_gene_train,sample_0047,selfinhib,labyrinth,93.77153306797179,0.40203151862464187,2.0,147.13375875003172,0,0.2,0.6,1.0,0.4,0.10628282743863889
three_gene_train,sample_0048,selfinhib,spots,124.92513253291477,0.3017736389684814,2.0,151.61435036574863,0,0.01,1.0,1.0,0.0,0.024217380879664456
three_gene_train,sample_0048,selfinhib,spots,124.92513253291477,0.3017736389684814,2.0,151.61435036574863,0,0.048,1.0,1.0,0.0,0.03379526483190123
three_gene_train,sample_0048,selfinhib,spots,124.92513253291477,0.3017736389684814,2.0,151.61435036574863,0,0.1,0.9675,0.9675,0.0,0.062343591907401255
three_gene_train,sample_0048,selfinhib,spots,124.92513253291477,0.3017736389684814,2.0,151.61435036574863,0,0.2,0.7925,0.8175,0.025,0.11921186736570863
three_gene_train,sample_0049,cross_repress,spots,98.69395648696695,0.3819799426934098,2.0,111.74006553356769,0,0.01,1.0,1.0,0.0,0.020006345938869827
three_gene_train,sample_0049,cross_repress,spots,98.69395648696695,0.3819799426934098,2.0,111.74006553356769,0,0.048,1.0,1.0,0.0,0.03128758837251851
three_gene_train,sample_0049,cross_repress,spots,98.69395648696695,0.3819799426934098,2.0,111.74006553356769,0,0.1,0.9975,1.0,0.0025,0.05998743972594357
three_gene_train,sample_0049,cross_repress,spots,98.69395648696695,0.3819799426934098,2.0,111.74006553356769,0,0.2,0.895,1.0,0.105,0.1068770107136884
three_gene_train,sample_0050,relay_chain,spots,110.27104750646653,0.3418767908309456,3.0,135.72567837731594,0,0.01,1.0,1.0,0.0,0.02075293976334202
three_gene_train,sample_0050,relay_chain,spots,110.27104750646653,0.3418767908309456,3.0,135.72567837731594,0,0.048,0.9975,1.0,0.0025,0.029104597445824616
three_gene_train,sample_0050,relay_chain,spots,110.27104750646653,0.3418767908309456,3.0,135.72567837731594,0,0.1,0.905,1.0,0.095,0.059140220688835246
three_gene_train,sample_0050,relay_chain,spots,110.27104750646653,0.3418767908309456,3.0,135.72567837731594,0,0.2,0.745,0.96,0.215,0.10536887348507237
three_gene_train,sample_0051,substrate_depl,labyrinth,45.800561962334875,0.8231146131805158,4.0,49.762810396807176,0,0.01,1.0,1.0,0.0,0.009306471618578597
three_gene_train,sample_0051,substrate_depl,labyrinth,45.800561962334875,0.8231146131805158,4.0,49.762810396807176,0,0.048,0.9975,1.0,0.0025,0.027499978558543147
three_gene_train,sample_0051,substrate_depl,labyrinth,45.800561962334875,0.8231146131805158,4.0,49.762810396807176,0,0.1,0.93,1.0,0.07,0.05637783499243117
three_gene_train,sample_0051,substrate_depl,labyrinth,45.800561962334875,0.8231146131805158,4.0,49.762810396807176,0,0.2,0.755,0.9625,0.2075,0.1139699162780541
three_gene_train,sample_0052,relay_chain,spots,129.2181303597923,0.2917478510028654,4.0,136.50402485385658,0,0.01,0.9625,1.0,0.0375,0.003978840633501124
three_gene_train,sample_0052,relay_chain,spots,129.2181303597923,0.2917478510028654,4.0,136.50402485385658,0,0.048,0.6375,1.0,0.3625,0.026466199097781574
three_gene_train,sample_0052,relay_chain,spots,129.2181303597923,0.2917478510028654,4.0,136.50402485385658,0,0.1,0.59,1.0,0.41,0.05151365947159101
three_gene_train,sample_0052,relay_chain,spots,129.2181303597923,0.2917478510028654,4.0,136.50402485385658,0,0.2,0.485,1.0,0.515,0.09939759520909912
three_gene_train,sample_0053,selfinhib,labyrinth,110.27104750646653,0.3418767908309456,2.0,196.1606293157641,0,0.01,1.0,1.0,0.0,0.007754242876690426
three_gene_train,sample_0053,selfinhib,labyrinth,110.27104750646653,0.3418767908309456,2.0,196.1606293157641,0,0.048,1.0,1.0,0.0,0.030242599152200737
three_gene_train,sample_0053,selfinhib,labyrinth,110.27104750646653,0.3418767908309456,2.0,196.1606293157641,0,0.1,1.0,1.0,0.0,0.0545773252700673
three_gene_train,sample_0053,selfinhib,labyrinth,110.27104750646653,0.3418767908309456,2.0,196.1606293157641,0,0.2,0.95,0.95,0.0,0.10686106147622929
three_gene_train,sample_0054,selfinhib,spots,178.21138366519548,0.21154154727793698,2.0,248.14915231685967,0,0.01,1.0,1.0,0.0,1.323060404374684e-16
three_gene_train,sample_0054,selfinhib,spots,178.21138366519548,0.21154154727793698,2.0,248.14915231685967,0,0.048,1.0,1.0,0.0,0.03425735882904473
three_gene_train,sample_0054,selfinhib,spots,178.21138366519548,0.21154154727793698,2.0,248.14915231685967,0,0.1,0.99,1.0,0.01,0.056190433422504606
three_gene_train,sample_0054,selfinhib,spots,178.21138366519548,0.21154154727793698,2.0,248.14915231685967,0,0.2,0.865,1.0,0.135,0.09968953464146112
three_gene_train,sample_0055,cross_repress,spots,101.35418939107365,0.37195415472779375,4.0,218.45496930811268,0,0.01,1.0,1.0,0.0,0.0
three_gene_train,sample_0055,cross_repress,spots,101.35418939107365,0.37195415472779375,4.0,218.45496930811268,0,0.048,0.96,1.0,0.04,0.026472052791919057
three_gene_train,sample_0055,cross_repress,spots,101.35418939107365,0.37195415472779375,4.0,218.45496930811268,0,0.1,0.7675,1.0,0.2325,0.0512540810752137
three_gene_train,sample_0055,cross_repress,spots,101.35418939107365,0.37195415472779375,4.0,218.45496930811268,0,0.2,0.6625,1.0,0.3375,0.10609230281485084
three_gene_train,sample_0056,double_inhibitor,spots,63.62488530989918,0.5925214899713468,4.0,58.06559802877255,0,0.01,1.0,1.0,0.0,0.00379578921559661
three_gene_train,sample_0056,double_inhibitor,spots,63.62488530989918,0.5925214899713468,4.0,58.06559802877255,0,0.048,1.0,1.0,0.0,0.026342101383172847
three_gene_train,sample_0056,double_inhibitor,spots,63.62488530989918,0.5925214899713468,4.0,58.06559802877255,0,0.1,0.975,1.0,0.025,0.05334555209659297
three_gene_train,sample_0056,double_inhibitor,spots,63.62488530989918,0.5925214899713468,4.0,58.06559802877255,0,0.2,0.84,0.9925,0.1525,0.11005919637555034
three_gene_train,sample_0057,double_inhibitor,spots,120.9082140200523,0.31179942693409746,3.0,240.7340159866933,0,0.01,1.0,1.0,0.0,0.011668103829065801
three_gene_train,sample_0057,double_inhibitor,spots,120.9082140200523,0.31179942693409746,3.0,240.7340159866933,0,0.048,1.0,1.0,0.0,0.029567280017273195
three_gene_train,sample_0057,double_inhibitor,spots,120.9082140200523,0.31179942693409746,3.0,240.7340159866933,0,0.1,1.0,1.0,0.0,0.05347870783384416
three_gene_train,sample_0057,double_inhibitor,spots,120.9082140200523,0.31179942693409746,3.0,240.7340159866933,0,0.2,0.9525,0.9525,0.0,0.09785857837054483
three_gene_train,sample_0058,selfinhib,labyrinth,104.16180466962271,0.36192836676217766,3.0,56.161913022921276,0,0.01,1.0,1.0,0.0,0.01073519531840132
three_gene_train,sample_0058,selfinhib,labyrinth,104.16180466962271,0.36192836676217766,3.0,56.161913022921276,0,0.048,0.965,0.965,0.0,0.029459935880449307
three_gene_train,sample_0058,selfinhib,labyrinth,104.16180466962271,0.36192836676217766,3.0,56.161913022921276,0,0.1,0.81,0.81,0.0,0.05351289630428818
three_gene_train,sample_0058,selfinhib,labyrinth,104.16180466962271,0.36192836676217766,3.0,56.161913022921276,0,0.2,0.6725,0.68,0.0075,0.10560216388225419
three_gene_train,sample_0059,cross_repress,spots,56.03917690978888,0.6727277936962751,4.0,26.0159161454191,0,0.01,1.0,1.0,0.0,0.007498175109552148
three_gene_train,sample_0059,cross_repress,spots,56.03917690978888,0.6727277936962751,4.0,26.0159161454191,0,0.048,0.905,0.995,0.09,0.02794102532331082
three_gene_train,sample_0059,cross_repress,spots,56.03917690978888,0.6727277936962751,4.0,26.0159161454191,0,0.1,0.6825,0.915,0.2325,0.05334540366245018
three_gene_train,sample_0059,cross_repress,spots,56.03917690978888,0.6727277936962751,4.0,26.0159161454191,0,0.2,0.4275,0.765,0.3375,0.10659145667304856
three_gene_train,sample_0060,substrate_depl,spots,87.2444732519532,0.43210888252149,4.0,165.75803100907896,0,0.01,1.0,1.0,0.0,1.277215044684371e-16
three_gene_train,sample_0060,substrate_depl,spots,87.2444732519532,0.43210888252149,4.0,165.75803100907896,0,0.048,1.0,1.0,0.0,0.028209687753817943
three_gene_train,sample_0060,substrate_depl,spots,87.2444732519532,0.43210888252149,4.0,165.75803100907896,0,0.1,1.0,1.0,0.0,0.05615706827692119
three_gene_train,sample_0060,substrate_depl,spots,87.2444732519532,0.43210888252149,4.0,165.75803100907896,0,0.2,0.9375,0.9375,0.0,0.10641415342030304
three_gene_train,sample_0061,substrate_depl,labyrinth,89.31680119229944,0.42208309455587395,3.0,130.83794736052002,0,0.01,1.0,1.0,0.0,0.0019158990999322792
three_gene_train,sample_0061,substrate_depl,labyrinth,89.31680119229944,0.42208309455587395,3.0,130.83794736052002,0,0.048,1.0,1.0,0.0,0.026357291200454932
three_gene_train,sample_0061,substrate_depl,labyrinth,89.31680119229944,0.42208309455587395,3.0,130.83794736052002,0,0.1,0.9325,0.9325,0.0,0.0545863474424344
three_gene_train,sample_0061,substrate_depl,labyrinth,89.31680119229944,0.42208309455587395,3.0,130.83794736052002,0,0.2,0.8075,0.8075,0.0,0.1030972272313545
three_gene_train,sample_0062,substrate_depl,spots,58.66192582310031,0.642650429799427,3.0,130.23321974048923,0,0.01,0.9425,0.995,0.0525,0.009640877589862925
three_gene_train,sample_0062,substrate_depl,spots,58.66192582310031,0.642650429799427,3.0,130.23321974048923,0,0.048,0.385,0.7325,0.3475,0.026246169645881366
three_gene_train,sample_0062,substrate_depl,spots,58.66192582310031,0.642650429799427,3.0,130.23321974048923,0,0.1,0.2325,0.7075,0.475,0.05028312792794904
three_gene_train,sample_0062,substrate_depl,spots,58.66192582310031,0.642650429799427,3.0,130.23321974048923,0,0.2,0.22,0.6925,0.4725,0.09980626013871523
three_gene_train,sample_0063,selfinhib,labyrinth,67.02730119379729,0.5624441260744987,2.0,210.7471618560644,0,0.01,1.0,1.0,0.0,0.008769376441563285
three_gene_train,sample_0063,selfinhib,labyrinth,67.02730119379729,0.5624441260744987,2.0,210.7471618560644,0,0.048,0.995,0.995,0.0,0.028604171636068227
three_gene_train,sample_0063,selfinhib,labyrinth,67.02730119379729,0.5624441260744987,2.0,210.7471618560644,0,0.1,0.8925,0.8925,0.0,0.057337409753121904
three_gene_train,sample_0063,selfinhib,labyrinth,67.02730119379729,0.5624441260744987,2.0,210.7471618560644,0,0.2,0.7375,0.7375,0.0,0.10821157783852843
three_gene_train,sample_0064,substrate_depl,labyrinth,50.74530916298931,0.7429083094555875,3.0,80.56596506460168,0,0.01,1.0,1.0,0.0,0.010230672837891483
three_gene_train,sample_0064,substrate_depl,labyrinth,50.74530916298931,0.7429083094555875,3.0,80.56596506460168,0,0.048,0.8475,0.8475,0.0,0.025572636765301016
three_gene_train,sample_0064,substrate_depl,labyrinth,50.74530916298931,0.7429083094555875,3.0,80.56596506460168,0,0.1,0.6975,0.6975,0.0,0.05164041659288632
three_gene_train,sample_0064,substrate_depl,labyrinth,50.74530916298931,0.7429083094555875,3.0,80.56596506460168,0,0.2,0.5825,0.5825,0.0,0.0955836048769331
three_gene_train,sample_0065,double_inhibitor,spots,83.37551667406436,0.4521604584527221,3.0,119.2312778839934,0,0.01,1.0,1.0,0.0,0.013953878083237291
three_gene_train,sample_0065,double_inhibitor,spots,83.37551667406436,0.4521604584527221,3.0,119.2312778839934,0,0.048,0.935,0.935,0.0,0.02718432820763147
three_gene_train,sample_0065,double_inhibitor,spots,83.37551667406436,0.4521604584527221,3.0,119.2312778839934,0,0.1,0.765,0.765,0.0,0.053788231224000733
three_gene_train,sample_0065,double_inhibitor,spots,83.37551667406436,0.4521604584527221,3.0,119.2312778839934,0,0.2,0.665,0.665,0.0,0.10602052034218228
three_gene_train,sample_0066,cross_repress,spots,149.81087212190351,0.25164469914040116,3.0,133.05315369939453,0,0.01,1.0,1.0,0.0,0.032047287219258584
three_gene_train,sample_0066,cross_repress,spots,149.81087212190351,0.25164469914040116,3.0,133.05315369939453,0,0.048,1.0,1.0,0.0,0.03395910709419183
three_gene_train,sample_0066,cross_repress,spots,149.81087212190351,0.25164469914040116,3.0,133.05315369939453,0,0.1,0.985,1.0,0.015,0.05693380416105143
three_gene_train,sample_0066,cross_repress,spots,149.81087212190351,0.25164469914040116,3.0,133.05315369939453,0,0.2,0.89,0.9975,0.1075,0.10832862845074845
three_gene_train,sample_0067,substrate_depl,spots,149.81087212190351,0.25164469914040116,3.0,120.77897589658056,0,0.01,1.0,1.0,0.0,2.1518964794705528e-16
three_gene_train,sample_0067,substrate_depl,spots,149.81087212190351,0.25164469914040116,3.0,120.77897589658056,0,0.048,1.0,1.0,0.0,0.03044484810459337
three_gene_train,sample_0067,substrate_depl,spots,149.81087212190351,0.25164469914040116,3.0,120.77897589658056,0,0.1,1.0,1.0,0.0,0.054869165723095754
three_gene_train,sample_0067,substrate_depl,spots,149.81087212190351,0.25164469914040116,3.0,120.77897589658056,0,0.2,0.9375,1.0,0.0625,0.10532925034210895
three_gene_train,sample_0068,selfinhib,spots,117.14157280940597,0.3218252148997135,3.0,239.19144021860834,0,0.01,1.0,1.0,0.0,1.7228529156019889e-16
three_gene_train,sample_0068,selfinhib,spots,117.14157280940597,0.3218252148997135,3.0,239.19144021860834,0,0.048,1.0,1.0,0.0,0.027238735600799365
three_gene_train,sample_0068,selfinhib,spots,117.14157280940597,0.3218252148997135,3.0,239.19144021860834,0,0.1,1.0,1.0,0.0,0.054109240374422087
three_gene_train,sample_0068,selfinhib,spots,117.14157280940597,0.3218252148997135,3.0,239.19144021860834,0,0.2,0.9625,1.0,0.0375,0.10691270506150809
three_gene_train,sample_0069,substrate_depl,labyrinth,64.71998284839984,0.5824957020057308,4.0,108.94576676796518,0,0.01,1.0,1.0,0.0,0.006700706713046872
three_gene_train,sample_0069,substrate_depl,labyrinth,64.71998284839984,0.5824957020057308,4.0,108.94576676796518,0,0.048,1.0,1.0,0.0,0.02578848834403188
three_gene_train,sample_0069,substrate_depl,labyrinth,64.71998284839984,0.5824957020057308,4.0,108.94576676796518,0,0.1,0.9875,0.9875,0.0,0.0501367923643745
three_gene_train,sample_0069,substrate_depl,labyrinth,64.71998284839984,0.5824957020057308,4.0,108.94576676796518,0,0.2,0.8225,0.865,0.0425,0.09694014722729082
three_gene_train,sample_0070,cross_repress,labyrinth,96.16979777234158,0.39200573065902583,3.0,226.3160401837384,0,0.01,1.0,1.0,0.0,0.01184906482741363
three_gene_train,sample_0070,cross_repress,labyrinth,96.16979777234158,0.39200573065902583,3.0,226.3160401837384,0,0.048,0.9975,1.0,0.0025,0.034836740313982525
three_gene_train,sample_0070,cross_repress,labyrinth,96.16979777234158,0.39200573065902583,3.0,226.3160401837384,0,0.1,0.885,1.0,0.115,0.0668777804831188
three_gene_train,sample_0070,cross_repress,labyrinth,96.16979777234158,0.39200573065902583,3.0,226.3160401837384,0,0.2,0.66,0.9925,0.3325,0.1189253451642497
three_gene_train,sample_0071,double_inhibitor,labyrinth,83.37551667406436,0.4521604584527221,4.0,105.7550024110495,0,0.01,1.0,1.0,0.0,0.007566971066040169
three_gene_train,sample_0071,double_inhibitor,labyrinth,83.37551667406436,0.4521604584527221,4.0,105.7550024110495,0,0.048,0.995,1.0,0.005,0.027488413276938337
three_gene_train,sample_0071,double_inhibitor,labyrinth,83.37551667406436,0.4521604584527221,4.0,105.7550024110495,0,0.1,0.88,1.0,0.12,0.05501689771156443
three_gene_train,sample_0071,double_inhibitor,labyrinth,83.37551667406436,0.4521604584527221,4.0,105.7550024110495,0,0.2,0.7025,0.985,0.2825,0.10587479415738123
three_gene_train,sample_0072,double_inhibitor,spots,78.17535269091718,0.48223782234957024,4.0,212.37741637911031,0,0.01,1.0,1.0,0.0,0.005189070758705171
three_gene_train,sample_0072,double_inhibitor,spots,78.17535269091718,0.48223782234957024,4.0,212.37741637911031,0,0.048,1.0,1.0,0.0,0.027088241801820834
three_gene_train,sample_0072,double_inhibitor,spots,78.17535269091718,0.48223782234957024,4.0,212.37741637911031,0,0.1,0.9975,0.9975,0.0,0.05152096320402094
three_gene_train,sample_0072,double_inhibitor,spots,78.17535269091718,0.48223782234957024,4.0,212.37741637911031,0,0.2,0.9525,0.9525,0.0,0.10348861400512219
three_gene_train,sample_0073,substrate_depl,labyrinth,117.14157280940597,0.3218252148997135,3.0,192.22949849725634,0,0.01,1.0,1.0,0.0,1.7228529156019889e-16
three_gene_train,sample_0073,substrate_depl,labyrinth,117.14157280940597,0.3218252148997135,3.0,192.22949849725634,0,0.048,1.0,1.0,0.0,0.030634551040622442
three_gene_train,sample_0073,substrate_depl,labyrinth,117.14157280940597,0.3218252148997135,3.0,192.22949849725634,0,0.1,0.9675,1.0,0.0325,0.05648744722694552
three_gene_train,sample_0073,substrate_depl,labyrinth,117.14157280940597,0.3218252148997135,3.0,192.22949849725634,0,0.2,0.81,1.0,0.19,0.10042260583209645
three_gene_train,sample_0074,cross_repress,spots,117.14157280940597,0.3218252148997135,3.0,202.52277806656733,0,0.01,1.0,1.0,0.0,0.010076387693187713
three_gene_train,sample_0074,cross_repress,spots,117.14157280940597,0.3218252148997135,3.0,202.52277806656733,0,0.048,0.9725,0.9725,0.0,0.02870040285556496
three_gene_train,sample_0074,cross_repress,spots,117.14157280940597,0.3218252148997135,3.0,202.52277806656733,0,0.1,0.79,0.79,0.0,0.0539839608467554
three_gene_train,sample_0074,cross_repress,spots,117.14157280940597,0.3218252148997135,3.0,202.52277806656733,0,0.2,0.665,0.665,0.0,0.09850287944179145
three_gene_train,sample_0075,selfinhib,labyrinth,75.05456410609332,0.5022893982808023,4.0,87.36464171363765,0,0.01,1.0,1.0,0.0,0.0
three_gene_train,sample_0075,selfinhib,labyrinth,75.05456410609332,0.5022893982808023,4.0,87.36464171363765,0,0.048,1.0,1.0,0.0,0.027585685806563873
three_gene_train,sample_0075,selfinhib,labyrinth,75.05456410609332,0.5022893982808023,4.0,87.36464171363765,0,0.1,1.0,1.0,0.0,0.05297743990771381
three_gene_train,sample_0075,selfinhib,labyrinth,75.05456410609332,0.5022893982808023,4.0,87.36464171363765,0,0.2,0.9625,0.9625,0.0,0.10974482562278341
three_gene_train,sample_0076,double_inhibitor,spots,117.14157280940597,0.3218252148997135,4.0,211.83954175603637,0,0.01,1.0,1.0,0.0,0.010627443124851225
three_gene_train,sample_0076,double_inhibitor,spots,117.14157280940597,0.3218252148997135,4.0,211.83954175603637,0,0.048,0.9925,1.0,0.0075,0.02897655447662339
three_gene_train,sample_0076,double_inhibitor,spots,117.14157280940597,0.3218252148997135,4.0,211.83954175603637,0,0.1,0.8825,1.0,0.1175,0.05698875421874492
three_gene_train,sample_0076,double_inhibitor,spots,117.14157280940597,0.3218252148997135,4.0,211.83954175603637,0,0.2,0.685,0.9875,0.3025,0.10404112104598165
three_gene_train,sample_0077,selfinhib,labyrinth,107.12939919906569,0.3519025787965616,4.0,41.04341867647587,0,0.01,1.0,1.0,0.0,0.019122464117253195
three_gene_train,sample_0077,selfinhib,labyrinth,107.12939919906569,0.3519025787965616,4.0,41.04341867647587,0,0.048,1.0,1.0,0.0,0.03442194173501176
three_gene_train,sample_0077,selfinhib,labyrinth,107.12939919906569,0.3519025787965616,4.0,41.04341867647587,0,0.1,0.97,0.9975,0.0275,0.06432274358344059
three_gene_train,sample_0077,selfinhib,labyrinth,107.12939919906569,0.3519025787965616,4.0,41.04341867647587,0,0.2,0.74,0.9225,0.1825,0.10761541822428966
three_gene_train,sample_0078,selfinhib,spots,162.781654829313,0.23159312320916908,3.0,229.9002647279373,0,0.01,1.0,1.0,0.0,0.0
three_gene_train,sample_0078,selfinhib,spots,162.781654829313,0.23159312320916908,3.0,229.9002647279373,0,0.048,1.0,1.0,0.0,0.033249319686140595
three_gene_train,sample_0078,selfinhib,spots,162.781654829313,0.23159312320916908,3.0,229.9002647279373,0,0.1,1.0,1.0,0.0,0.05633251188510873
three_gene_train,sample_0078,selfinhib,spots,162.781654829313,0.23159312320916908,3.0,229.9002647279373,0,0.2,0.9925,1.0,0.0075,0.11082703996609802
three_gene_train,sample_0079,double_inhibitor,spots,107.12939919906569,0.3519025787965616,3.0,97.97711581350843,0,0.01,1.0,1.0,0.0,0.011406619884074804
three_gene_train,sample_0079,double_inhibitor,spots,107.12939919906569,0.3519025787965616,3.0,97.97711581350843,0,0.048,1.0,1.0,0.0,0.02931396501147808
three_gene_train,sample_0079,double_inhibitor,spots,107.12939919906569,0.3519025787965616,3.0,97.97711581350843,0,0.1,1.0,1.0,0.0,0.05796376515881103
three_gene_train,sample_0079,double_inhibitor,spots,107.12939919906569,0.3519025787965616,3.0,97.97711581350843,0,0.2,0.965,0.9975,0.0325,0.11058663664710217
three_gene_train,sample_0080,cross_repress,labyrinth,149.81087212190351,0.25164469914040116,4.0,249.32369702308353,0,0.01,1.0,1.0,0.0,0.0061984237239995025
three_gene_train,sample_0080,cross_repress,labyrinth,149.81087212190351,0.25164469914040116,4.0,249.32369702308353,0,0.048,1.0,1.0,0.0,0.032725968304178565
three_gene_train,sample_0080,cross_repress,labyrinth,149.81087212190351,0.25164469914040116,4.0,249.32369702308353,0,0.1,0.9875,1.0,0.0125,0.055996673252243785
three_gene_train,sample_0080,cross_repress,labyrinth,149.81087212190351,0.25164469914040116,4.0,249.32369702308353,0,0.2,0.7625,1.0,0.2375,0.1021641342529457
three_gene_train,sample_0081,selfinhib,labyrinth,87.2444732519532,0.43210888252149,3.0,144.31069566084696,0,0.01,1.0,1.0,0.0,0.01797600277798695
three_gene_train,sample_0081,selfinhib,labyrinth,87.2444732519532,0.43210888252149,3.0,144.31069566084696,0,0.048,1.0,1.0,0.0,0.029816442745546727
three_gene_train,sample_0081,selfinhib,labyrinth,87.2444732519532,0.43210888252149,3.0,144.31069566084696,0,0.1,0.955,1.0,0.045,0.06107981027456624
three_gene_train,sample_0081,selfinhib,labyrinth,87.2444732519532,0.43210888252149,3.0,144.31069566084696,0,0.2,0.77,1.0,0.23,0.1067274876574937
three_gene_train,sample_0082,double_inhibitor,spots,70.81417271219,0.5323667621776504,2.0,47.123153096576296,0,0.01,1.0,1.0,0.0,0.006109277758743826
three_gene_train,sample_0082,double_inhibitor,spots,70.81417271219,0.5323667621776504,2.0,47.123153096576296,0,0.048,1.0,1.0,0.0,0.027207140742231406
three_gene_train,sample_0082,double_inhibitor,spots,70.81417271219,0.5323667621776504,2.0,47.123153096576296,0,0.1,0.9575,1.0,0.0425,0.05228965989809768
three_gene_train,sample_0082,double_inhibitor,spots,70.81417271219,0.5323667621776504,2.0,47.123153096576296,0,0.2,0.8,0.995,0.195,0.10355995278091128
three_gene_train,sample_0083,double_inhibitor,spots,61.542228905429916,0.6125730659025789,2.0,120.8626093636361,0,0.01,1.0,1.0,0.0,0.010906559166210156
three_gene_train,sample_0083,double_inhibitor,spots,61.542228905429916,0.6125730659025789,2.0,120.8626093636361,0,0.048,1.0,1.0,0.0,0.026973662955601115
three_gene_train,sample_0083,double_inhibitor,spots,61.542228905429916,0.6125730659025789,2.0,120.8626093636361,0,0.1,1.0,1.0,0.0,0.05240259345600035
three_gene_train,sample_0083,double_inhibitor,spots,61.542228905429916,0.6125730659025789,2.0,120.8626093636361,0,0.2,0.985,1.0,0.015,0.10537907242076557
three_gene_train,sample_0084,selfinhib,spots,117.14157280940597,0.3218252148997135,4.0,204.1413935740722,0,0.01,1.0,1.0,0.0,1.7228529156019889e-16
three_gene_train,sample_0084,selfinhib,spots,117.14157280940597,0.3218252148997135,4.0,204.1413935740722,0,0.048,1.0,1.0,0.0,0.02842571569345972
three_gene_train,sample_0084,selfinhib,spots,117.14157280940597,0.3218252148997135,4.0,204.1413935740722,0,0.1,1.0,1.0,0.0,0.05335570513224709
three_gene_train,sample_0084,selfinhib,spots,117.14157280940597,0.3218252148997135,4.0,204.1413935740722,0,0.2,0.9425,0.9425,0.0,0.1037252937568207
three_gene_train,sample_0085,selfinhib,spots,104.16180466962271,0.36192836676217766,4.0,103.59688357662401,0,0.01,1.0,1.0,0.0,0.003196303578534529
three_gene_train,sample_0085,selfinhib,spots,104.16180466962271,0.36192836676217766,4.0,103.59688357662401,0,0.048,1.0,1.0,0.0,0.02935918502372553
three_gene_train,sample_0085,selfinhib,spots,104.16180466962271,0.36192836676217766,4.0,103.59688357662401,0,0.1,1.0,1.0,0.0,0.05480071891576616
three_gene_train,sample_0085,selfinhib,spots,104.16180466962271,0.36192836676217766,4.0,103.59688357662401,0,0.2,0.9775,0.9975,0.02,0.10707311575930187
three_gene_train,sample_0086,selfinhib,labyrinth,93.77153306797179,0.40203151862464187,3.0,217.94750278389571,0,0.01,1.0,1.0,0.0,0.0
three_gene_train,sample_0086,selfinhib,labyrinth,93.77153306797179,0.40203151862464187,3.0,217.94750278389571,0,0.048,1.0,1.0,0.0,0.028950843501259635
three_gene_train,sample_0086,selfinhib,labyrinth,93.77153306797179,0.40203151862464187,3.0,217.94750278389571,0,0.1,1.0,1.0,0.0,0.057189213709726676
three_gene_train,sample_0086,selfinhib,labyrinth,93.77153306797179,0.40203151862464187,3.0,217.94750278389571,0,0.2,0.9875,1.0,0.0125,0.10569416580267152
three_gene_train,sample_0087,double_inhibitor,labyrinth,81.56692704558535,0.46218624641833816,4.0,193.02400356387759,0,0.01,1.0,1.0,0.0,0.004514580781163583
three_gene_train,sample_0087,double_inhibitor,labyrinth,81.56692704558535,0.46218624641833816,4.0,193.02400356387759,0,0.048,1.0,1.0,0.0,0.029952728795817243
three_gene_train,sample_0087,double_inhibitor,labyrinth,81.56692704558535,0.46218624641833816,4.0,193.02400356387759,0,0.1,0.9975,0.9975,0.0,0.05708269190501632
three_gene_train,sample_0087,double_inhibitor,labyrinth,81.56692704558535,0.46218624641833816,4.0,193.02400356387759,0,0.2,0.9125,0.9425,0.03,0.10912371446968168
three_gene_val,sample_0000,cross_repress,stripes,91.48997297253318,0.4120573065902579,2.0,60.84565368033289,0,0.01,1.0,1.0,0.0,0.008766022007256753
three_gene_val,sample_0000,cross_repress,stripes,91.48997297253318,0.4120573065902579,2.0,60.84565368033289,0,0.048,0.9825,0.9825,0.0,0.029491427640349455
three_gene_val,sample_0000,cross_repress,stripes,91.48997297253318,0.4120573065902579,2.0,60.84565368033289,0,0.1,0.835,0.835,0.0,0.05474260562488684
three_gene_val,sample_0000,cross_repress,stripes,91.48997297253318,0.4120573065902579,2.0,60.84565368033289,0,0.2,0.725,0.725,0.0,0.10382031254183975
three_gene_val,sample_0001,cross_repress,labyrinth,110.27104750646653,0.3418767908309456,4.0,106.18146642483742,0,0.01,1.0,1.0,0.0,0.00840605958406894
three_gene_val,sample_0001,cross_repress,labyrinth,110.27104750646653,0.3418767908309456,4.0,106.18146642483742,0,0.048,0.9775,0.9775,0.0,0.031469593787518776
three_gene_val,sample_0001,cross_repress,labyrinth,110.27104750646653,0.3418767908309456,4.0,106.18146642483742,0,0.1,0.86,0.86,0.0,0.06100582242551925
three_gene_val,sample_0001,cross_repress,labyrinth,110.27104750646653,0.3418767908309456,4.0,106.18146642483742,0,0.2,0.725,0.7425,0.0175,0.11387488199064325
three_gene_val,sample_0002,relay_chain,spots,93.77153306797179,0.40203151862464187,3.0,84.95946626169551,0,0.01,1.0,1.0,0.0,0.0034414829051831884
three_gene_val,sample_0002,relay_chain,spots,93.77153306797179,0.40203151862464187,3.0,84.95946626169551,0,0.048,1.0,1.0,0.0,0.028162118870737336
three_gene_val,sample_0002,relay_chain,spots,93.77153306797179,0.40203151862464187,3.0,84.95946626169551,0,0.1,0.9925,1.0,0.0075,0.053074172031588006
three_gene_val,sample_0002,relay_chain,spots,93.77153306797179,0.40203151862464187,3.0,84.95946626169551,0,0.2,0.885,0.9725,0.0875,0.10006260171298059
three_gene_val,sample_0003,double_inhibitor,labyrinth,50.0696036641146,0.7529340974212035,3.0,33.88234893579222,0,0.01,1.0,1.0,0.0,0.011535499103057522
three_gene_val,sample_0003,double_inhibitor,labyrinth,50.0696036641146,0.7529340974212035,3.0,33.88234893579222,0,0.048,0.9125,1.0,0.0875,0.0433381474389981
three_gene_val,sample_0003,double_inhibitor,labyrinth,50.0696036641146,0.7529340974212035,3.0,33.88234893579222,0,0.1,0.69,0.96,0.27,0.07086833007597527
three_gene_val,sample_0003,double_inhibitor,labyrinth,50.0696036641146,0.7529340974212035,3.0,33.88234893579222,0,0.2,0.375,0.81,0.435,0.1314190324485257
three_gene_val,sample_0004,selfinhib,spots,104.16180466962271,0.36192836676217766,2.0,107.83348264194541,0,0.01,1.0,1.0,0.0,0.010524518540818312
three_gene_val,sample_0004,selfinhib,spots,104.16180466962271,0.36192836676217766,2.0,107.83348264194541,0,0.048,1.0,1.0,0.0,0.03299971951794481
three_gene_val,sample_0004,selfinhib,spots,104.16180466962271,0.36192836676217766,2.0,107.83348264194541,0,0.1,0.9475,1.0,0.0525,0.06785514461312561
three_gene_val,sample_0004,selfinhib,spots,104.16180466962271,0.36192836676217766,2.0,107.83348264194541,0,0.2,0.67,0.965,0.295,0.11439082789390918
three_gene_val,sample_0005,selfinhib,labyrinth,81.56692704558535,0.46218624641833816,4.0,148.5736979031962,0,0.01,1.0,1.0,0.0,0.0051068903831397675
three_gene_val,sample_0005,selfinhib,labyrinth,81.56692704558535,0.46218624641833816,4.0,148.5736979031962,0,0.048,1.0,1.0,0.0,0.02709680715185451
three_gene_val,sample_0005,selfinhib,labyrinth,81.56692704558535,0.46218624641833816,4.0,148.5736979031962,0,0.1,0.9975,0.9975,0.0,0.05675005888716496
three_gene_val,sample_0005,selfinhib,labyrinth,81.56692704558535,0.46218624641833816,4.0,148.5736979031962,0,0.2,0.9375,0.94,0.0025,0.1062062889897593
three_gene_val,sample_0006,cross_repress,labyrinth,39.95987922198312,0.9434240687679084,4.0,157.688239713737,0,0.01,1.0,1.0,0.0,0.00837972910920277
three_gene_val,sample_0006,cross_repress,labyrinth,39.95987922198312,0.9434240687679084,4.0,157.688239713737,0,0.048,0.8425,0.8425,0.0,0.024277513535224438
three_gene_val,sample_0006,cross_repress,labyrinth,39.95987922198312,0.9434240687679084,4.0,157.688239713737,0,0.1,0.7225,0.7275,0.005,0.05113192818925923
three_gene_val,sample_0006,cross_repress,labyrinth,39.95987922198312,0.9434240687679084,4.0,157.688239713737,0,0.2,0.51,0.6075,0.0975,0.09045558441559481
three_gene_val,sample_0007,substrate_depl,labyrinth,59.59159563212364,0.632624641833811,3.0,161.1035051099652,0,0.01,1.0,1.0,0.0,0.003132350850029219
three_gene_val,sample_0007,substrate_depl,labyrinth,59.59159563212364,0.632624641833811,3.0,161.1035051099652,0,0.048,0.96,1.0,0.04,0.027713737141863825
three_gene_val,sample_0007,substrate_depl,labyrinth,59.59159563212364,0.632624641833811,3.0,161.1035051099652,0,0.1,0.795,0.9975,0.2025,0.05450619809478777
three_gene_val,sample_0007,substrate_depl,labyrinth,59.59159563212364,0.632624641833811,3.0,161.1035051099652,0,0.2,0.5975,0.925,0.3275,0.09751644544376084
three_gene_val,sample_0008,substrate_depl,labyrinth,124.92513253291477,0.3017736389684814,2.0,161.71542713982112,0,0.01,1.0,1.0,0.0,0.021507382011531403
three_gene_val,sample_0008,substrate_depl,labyrinth,124.92513253291477,0.3017736389684814,2.0,161.71542713982112,0,0.048,0.915,0.915,0.0,0.037021359553728796
three_gene_val,sample_0008,substrate_depl,labyrinth,124.92513253291477,0.3017736389684814,2.0,161.71542713982112,0,0.1,0.7575,0.7575,0.0,0.06897791554177778
three_gene_val,sample_0008,substrate_depl,labyrinth,124.92513253291477,0.3017736389684814,2.0,161.71542713982112,0,0.2,0.59,0.65,0.06,0.12304418751305797
three_gene_val,sample_0009,selfinhib,spots,54.41719758968506,0.6927793696275072,3.0,59.8759981967344,0,0.01,1.0,1.0,0.0,0.008360189844999885
three_gene_val,sample_0009,selfinhib,spots,54.41719758968506,0.6927793696275072,3.0,59.8759981967344,0,0.048,0.9425,1.0,0.0575,0.03329384119789171
three_gene_val,sample_0009,selfinhib,spots,54.41719758968506,0.6927793696275072,3.0,59.8759981967344,0,0.1,0.7375,1.0,0.2625,0.06804363251073502
three_gene_val,sample_0009,selfinhib,spots,54.41719758968506,0.6927793696275072,3.0,59.8759981967344,0,0.2,0.515,0.975,0.46,0.1232331857465319
three_gene_val,sample_0010,relay_chain,spots,138.75461425865362,0.27169627507163324,2.0,106.48131206421459,0,0.01,1.0,1.0,0.0,2.0257762716296166e-16
three_gene_val,sample_0010,relay_chain,spots,138.75461425865362,0.27169627507163324,2.0,106.48131206421459,0,0.048,1.0,1.0,0.0,0.03142055684652641
three_gene_val,sample_0010,relay_chain,spots,138.75461425865362,0.27169627507163324,2.0,106.48131206421459,0,0.1,0.94,0.9425,0.0025,0.05790941829655182
three_gene_val,sample_0010,relay_chain,spots,138.75461425865362,0.27169627507163324,2.0,106.48131206421459,0,0.2,0.755,0.79,0.035,0.10412909492820659
three_gene_val,sample_0011,substrate_depl,spots,98.69395648696695,0.3819799426934098,3.0,164.22680203957376,0,0.01,1.0,1.0,0.0,0.0020755589139385354
three_gene_val,sample_0011,substrate_depl,spots,98.69395648696695,0.3819799426934098,3.0,164.22680203957376,0,0.048,0.9825,1.0,0.0175,0.027341567019701696
three_gene_val,sample_0011,substrate_depl,spots,98.69395648696695,0.3819799426934098,3.0,164.22680203957376,0,0.1,0.875,1.0,0.125,0.053614991468502196
three_gene_val,sample_0011,substrate_depl,spots,98.69395648696695,0.3819799426934098,3.0,164.22680203957376,0,0.2,0.6625,1.0,0.3375,0.10790071445129834
three_gene_val,sample_0012,cross_repress,spots,120.9082140200523,0.31179942693409746,3.0,205.29690976227494,0,0.01,1.0,1.0,0.0,0.02023502484936833
three_gene_val,sample_0012,cross_repress,spots,120.9082140200523,0.31179942693409746,3.0,205.29690976227494,0,0.048,1.0,1.0,0.0,0.02868911695420101
three_gene_val,sample_0012,cross_repress,spots,120.9082140200523,0.31179942693409746,3.0,205.29690976227494,0,0.1,0.995,1.0,0.005,0.054216902942639617
three_gene_val,sample_0012,cross_repress,spots,120.9082140200523,0.31179942693409746,3.0,205.29690976227494,0,0.2,0.8825,0.9925,0.11,0.1037576181057655
three_gene_val,sample_0013,cross_repress,labyrinth,72.17337659552298,0.5223409742120344,2.0,61.87715298008567,0,0.01,1.0,1.0,0.0,0.015159165967188335
three_gene_val,sample_0013,cross_repress,labyrinth,72.17337659552298,0.5223409742120344,2.0,61.87715298008567,0,0.048,0.895,0.895,0.0,0.03506629696475074
three_gene_val,sample_0013,cross_repress,labyrinth,72.17337659552298,0.5223409742120344,2.0,61.87715298008567,0,0.1,0.7125,0.7175,0.005,0.07150442577820659
three_gene_val,sample_0013,cross_repress,labyrinth,72.17337659552298,0.5223409742120344,2.0,61.87715298008567,0,0.2,0.4875,0.605,0.1175,0.1237409190747993
three_gene_val,sample_0014,cross_repress,labyrinth,113.60252498129837,0.33185100286532954,2.0,193.7234718814078,0,0.01,1.0,1.0,0.0,0.0040977501915958605
three_gene_val,sample_0014,cross_repress,labyrinth,113.60252498129837,0.33185100286532954,2.0,193.7234718814078,0,0.048,0.995,0.995,0.0,0.02807836497152247
three_gene_val,sample_0014,cross_repress,labyrinth,113.60252498129837,0.33185100286532954,2.0,193.7234718814078,0,0.1,0.8975,0.8975,0.0,0.05149149316444343
three_gene_val,sample_0014,cross_repress,labyrinth,113.60252498129837,0.33185100286532954,2.0,193.7234718814078,0,0.2,0.7775,0.7775,0.0,0.10393355111089686
three_gene_val,sample_0015,double_inhibitor,spots,65.85343774142133,0.5724699140401147,4.0,100.56860980693646,0,0.01,1.0,1.0,0.0,0.0070889401494555766
three_gene_val,sample_0015,double_inhibitor,spots,65.85343774142133,0.5724699140401147,4.0,100.56860980693646,0,0.048,1.0,1.0,0.0,0.030922564323335504
three_gene_val,sample_0015,double_inhibitor,spots,65.85343774142133,0.5724699140401147,4.0,100.56860980693646,0,0.1,1.0,1.0,0.0,0.057831601127697904
three_gene_val,sample_0015,double_inhibitor,spots,65.85343774142133,0.5724699140401147,4.0,100.56860980693646,0,0.2,0.8825,0.9925,0.11,0.09744917703159188
three_gene_val,sample_0016,cross_repress,spots,78.17535269091718,0.48223782234957024,4.0,151.1810045339676,0,0.01,1.0,1.0,0.0,0.003310856663729696
three_gene_val,sample_0016,cross_repress,spots,78.17535269091718,0.48223782234957024,4.0,151.1810045339676,0,0.048,1.0,1.0,0.0,0.026789922194347948
three_gene_val,sample_0016,cross_repress,spots,78.17535269091718,0.48223782234957024,4.0,151.1810045339676,0,0.1,1.0,1.0,0.0,0.050384278748502195
three_gene_val,sample_0016,cross_repress,spots,78.17535269091718,0.48223782234957024,4.0,151.1810045339676,0,0.2,0.9525,0.9775,0.025,0.10504008986418614
three_gene_val,sample_0017,cross_repress,spots,44.71136571877067,0.8431661891117479,3.0,21.508205259173323,0,0.01,1.0,1.0,0.0,0.008935211680047605
three_gene_val,sample_0017,cross_repress,spots,44.71136571877067,0.8431661891117479,3.0,21.508205259173323,0,0.048,1.0,1.0,0.0,0.030045077676443252
three_gene_val,sample_0017,cross_repress,spots,44.71136571877067,0.8431661891117479,3.0,21.508205259173323,0,0.1,0.99,0.9925,0.0025,0.060294450361483634
three_gene_val,sample_0017,cross_repress,spots,44.71136571877067,0.8431661891117479,3.0,21.508205259173323,0,0.2,0.785,0.8825,0.0975,0.11243176360616326
three_gene_val,sample_0018,relay_chain,labyrinth,101.35418939107365,0.37195415472779375,4.0,166.82296040946125,0,0.01,1.0,1.0,0.0,0.008482249451228257
three_gene_val,sample_0018,relay_chain,labyrinth,101.35418939107365,0.37195415472779375,4.0,166.82296040946125,0,0.048,0.9375,1.0,0.0625,0.028149977822762143
three_gene_val,sample_0018,relay_chain,labyrinth,101.35418939107365,0.37195415472779375,4.0,166.82296040946125,0,0.1,0.775,1.0,0.225,0.04745276566438639
three_gene_val,sample_0018,relay_chain,labyrinth,101.35418939107365,0.37195415472779375,4.0,166.82296040946125,0,0.2,0.6575,1.0,0.3425,0.08538827049940373
