ds,key,topology,morph,L,kstar_true,n_hill,Dratio,slow_idx,base_rob_10,imm_slow_ok,imm_slow_rob,imm_mid_ok,imm_mid_rob,imm_fast_ok,imm_fast_rob
three_gene_test,sample_0000,cross_repress,spots,59.59159563212364,0.632624641833811,3.0,84.14892135506115,0,0.9125,True,1.0,False,0.0,True,0.905
three_gene_test,sample_0001,relay_chain,spots,89.31680119229944,0.42208309455587395,2.0,80.28802947766079,0,0.855,True,0.855,True,0.845,False,0.0
three_gene_test,sample_0002,double_inhibitor,spots,207.74960182586813,0.18146418338108883,2.0,129.78377541816386,0,1.0,True,1.0,True,1.0,False,0.0
three_gene_test,sample_0003,double_inhibitor,labyrinth,124.92513253291477,0.3017736389684814,2.0,239.52674789698364,0,0.795,True,1.0,True,0.57,False,0.0
three_gene_test,sample_0004,double_inhibitor,spots,104.16180466962271,0.36192836676217766,3.0,200.50082871905025,0,0.9775,True,0.9775,True,0.4975,False,0.0
three_gene_test,sample_0005,double_inhibitor,spots,170.14742629655944,0.22156733524355304,3.0,188.86056803727405,0,0.6975,True,0.6975,True,0.6975,False,0.0
three_gene_test,sample_0006,double_inhibitor,spots,48.14630909695523,0.7830114613180517,4.0,239.55544107620005,0,0.9075,True,0.9075,True,0.9075,False,0.0
three_gene_test,sample_0007,double_inhibitor,spots,69.50521690078477,0.5423925501432665,3.0,32.20697033592608,0,0.68,True,1.0,True,0.68,False,0.0
three_gene_test,sample_0008,relay_chain,labyrinth,104.16180466962271,0.36192836676217766,2.0,74.89133704312215,0,0.785,True,0.9925,False,0.0,False,0.0
three_gene_test,sample_0009,substrate_depl,labyrinth,196.87251284204777,0.1914899713467049,2.0,95.81540462187033,0,0.9925,True,0.9925,True,0.9925,False,0.0
three_gene_test,sample_0010,relay_chain,labyrinth,73.5857785502861,0.5123151862464184,3.0,32.48380731781962,0,0.5225,True,0.5225,True,0.5025,False,0.0
three_gene_test,sample_0011,double_inhibitor,spots,98.69395648696695,0.3819799426934098,3.0,170.17455647053444,0,0.81,True,0.81,True,0.81,False,0.0
three_gene_test,sample_0012,substrate_depl,labyrinth,78.17535269091718,0.48223782234957024,4.0,92.34686527512605,0,0.615,True,1.0,True,0.6325,False,0.0
three_gene_test,sample_0013,relay_chain,spots,187.07773511970953,0.20151575931232094,2.0,139.93228276542897,0,0.81,True,0.81,True,0.81,True,0.72
three_gene_test,sample_0014,selfinhib,stripes,85.26612898631963,0.4421346704871061,4.0,19.566160443317447,0,0.5025,True,0.58,False,0.0,True,0.5025
three_gene_test,sample_0015,cross_repress,stripes,62.56623044112651,0.6025472779369628,3.0,101.2994154609185,0,0.965,True,1.0,False,0.0,True,0.8325
three_gene_test,sample_0016,relay_chain,labyrinth,156.02715722779783,0.24161891117478512,3.0,144.15790911131185,0,0.9675,True,1.0,False,0.0,False,0.0
three_gene_test,sample_0017,relay_chain,labyrinth,196.87251284204777,0.1914899713467049,2.0,201.0225199812235,0,1.0,True,1.0,True,1.0,False,0.0
three_gene_test,sample_0018,substrate_depl,labyrinth,63.62488530989918,0.5925214899713468,2.0,102.58402805040012,0,0.94,True,0.945,False,0.0,True,0.945
three_gene_test,sample_0019,cross_repress,labyrinth,96.16979777234158,0.39200573065902583,3.0,109.3452747918671,0,0.9975,True,1.0,True,0.9975,False,0.0
three_gene_train,sample_0000,substrate_depl,stripes,39.95987922198312,0.9434240687679084,3.0,53.864536210473894,0,0.83,True,0.985,False,0.0,True,0.8375
three_gene_train,sample_0001,selfinhib,spots,124.92513253291477,0.3017736389684814,4.0,148.35654030254682,0,1.0,True,1.0,True,1.0,False,0.0
three_gene_train,sample_0002,substrate_depl,spots,58.66192582310031,0.642650429799427,4.0,88.68054027173802,0,1.0,True,1.0,True,1.0,False,0.0
three_gene_train,sample_0003,cross_repress,spots,65.85343774142133,0.5724699140401147,3.0,187.62696446176008,0,0.7325,True,0.7325,False,0.0,True,0.7325
three_gene_train,sample_0004,double_inhibitor,labyrinth,107.12939919906569,0.3519025787965616,2.0,93.81693775432228,0,0.865,True,0.865,True,0.865,False,0.0
three_gene_train,sample_0005,cross_repress,labyrinth,107.12939919906569,0.3519025787965616,2.0,98.65543434482923,0,0.97,True,0.97,False,0.0,True,0.97
three_gene_train,sample_0006,substrate_depl,spots,79.83513569758894,0.4722120343839542,4.0,16.62644140786036,0,0.855,True,0.87,False,0.0,True,0.855
three_gene_train,sample_0007,substrate_depl,labyrinth,81.56692704558535,0.46218624641833816,4.0,73.12777442975217,0,0.35,True,0.35,True,0.35,False,0.0
three_gene_train,sample_0008,cross_repress,labyrinth,144.07093539671334,0.2616704871060172,3.0,244.44269886087463,0,1.0,True,1.0,True,1.0,False,0.0
three_gene_train,sample_0009,double_inhibitor,labyrinth,81.56692704558535,0.46218624641833816,4.0,143.74753900283733,0,1.0,True,1.0,True,1.0,False,0.0
three_gene_train,sample_0010,selfinhib,labyrinth,98.69395648696695,0.3819799426934098,4.0,152.83983704014346,0,0.94,True,0.955,False,0.0,True,0.94
three_gene_train,sample_0011,selfinhib,labyrinth,124.92513253291477,0.3017736389684814,2.0,176.0136899716845,0,0.995,True,1.0,True,0.995,False,0.0
three_gene_train,sample_0012,double_inhibitor,spots,81.56692704558535,0.46218624641833816,3.0,34.52766257076905,0,0.995,True,0.995,True,0.9625,False,0.0
three_gene_train,sample_0013,selfinhib,spots,78.17535269091718,0.48223782234957024,4.0,223.95209020034133,0,0.625,True,1.0,False,0.0,True,0.625
three_gene_train,sample_0014,relay_chain,labyrinth,149.81087212190351,0.25164469914040116,2.0,112.96048919882867,0,0.7575,True,0.7575,True,0.5725,False,0.0
three_gene_train,sample_0015,substrate_depl,labyrinth,149.81087212190351,0.25164469914040116,4.0,154.66321780165774,0,0.9825,True,0.9825,True,0.9825,False,0.0
three_gene_train,sample_0016,selfinhib,spots,101.35418939107365,0.37195415472779375,3.0,232.3605284551253,0,1.0,True,1.0,True,1.0,False,0.0
three_gene_train,sample_0017,selfinhib,labyrinth,129.2181303597923,0.2917478510028654,2.0,214.4912282059275,0,1.0,True,1.0,True,1.0,False,0.0
three_gene_train,sample_0018,cross_repress,stripes,70.81417271219,0.5323667621776504,2.0,50.76230789992461,0,0.8675,True,1.0,False,0.0,False,0.0
three_gene_train,sample_0019,double_inhibitor,labyrinth,89.31680119229944,0.42208309455587395,3.0,223.3253561509775,0,1.0,True,1.0,False,0.0,True,1.0
three_gene_train,sample_0020,selfinhib,labyrinth,101.35418939107365,0.37195415472779375,3.0,105.63413316271894,0,0.9725,True,0.99,False,0.0,True,0.9725
three_gene_train,sample_0021,cross_repress,spots,107.12939919906569,0.3519025787965616,3.0,35.76371855346136,0,0.915,True,1.0,True,0.9125,False,0.0
three_gene_train,sample_0022,cross_repress,spots,149.81087212190351,0.25164469914040116,2.0,158.06588806745424,0,0.8525,True,1.0,False,0.0,False,0.0
three_gene_train,sample_0023,substrate_depl,labyrinth,51.439501881466796,0.7328825214899715,4.0,34.319112515794245,0,0.62,True,1.0,False,0.0,True,0.7425
three_gene_train,sample_0024,relay_chain,labyrinth,178.21138366519548,0.21154154727793698,2.0,164.62828171101597,0,0.99,True,0.99,True,0.9875,False,0.0
three_gene_train,sample_0025,substrate_depl,spots,129.2181303597923,0.2917478510028654,3.0,41.55618304835597,0,1.0,True,1.0,True,1.0,False,0.0
three_gene_train,sample_0026,double_inhibitor,spots,133.81668243034602,0.28172206303724934,2.0,196.85752286668787,0,0.9625,True,1.0,True,0.89,False,0.0
three_gene_train,sample_0027,relay_chain,spots,110.27104750646653,0.3418767908309456,3.0,60.95055153657774,0,0.9475,True,0.9475,True,0.9125,False,0.0
three_gene_train,sample_0028,selfinhib,labyrinth,70.81417271219,0.5323667621776504,4.0,225.92176368866143,0,0.99,True,1.0,True,0.99,False,0.0
three_gene_train,sample_0029,relay_chain,labyrinth,187.07773511970953,0.20151575931232094,2.0,179.47082075032978,0,1.0,True,1.0,True,1.0,False,0.0
three_gene_train,sample_0030,substrate_depl,labyrinth,70.81417271219,0.5323667621776504,4.0,109.55781325772307,0,0.99,True,0.99,True,0.99,False,0.0
three_gene_train,sample_0031,relay_chain,stripes,79.83513569758894,0.4722120343839542,3.0,83.2056852488999,0,0.96,True,0.99,False,0.0,False,0.0
three_gene_train,sample_0032,substrate_depl,spots,70.81417271219,0.5323667621776504,2.0,134.9184487819,0,0.9675,True,0.9675,True,0.9675,False,0.0
three_gene_train,sample_0033,relay_chain,labyrinth,156.02715722779783,0.24161891117478512,2.0,187.3265172691703,0,0.62,True,0.62,False,0.0,False,0.0
three_gene_train,sample_0034,substrate_depl,spots,117.14157280940597,0.3218252148997135,2.0,231.1962928953683,0,0.7225,True,0.7325,False,0.0,True,0.7325
three_gene_train,sample_0035,cross_repress,stripes,89.31680119229944,0.42208309455587395,3.0,124.31985707482964,0,0.99,True,1.0,True,0.99,False,0.0
three_gene_train,sample_0036,double_inhibitor,spots,117.14157280940597,0.3218252148997135,2.0,220.07204977179927,0,0.905,True,0.905,True,0.905,False,0.0
three_gene_train,sample_0037,substrate_depl,labyrinth,96.16979777234158,0.39200573065902583,4.0,116.09557317909452,0,0.57,True,0.5925,True,0.57,False,0.0
three_gene_train,sample_0038,selfinhib,labyrinth,133.81668243034602,0.28172206303724934,2.0,204.90646474041935,0,1.0,True,1.0,True,1.0,False,0.0
three_gene_train,sample_0039,selfinhib,spots,110.27104750646653,0.3418767908309456,4.0,161.56476033896624,0,1.0,True,1.0,True,1.0,False,0.0
three_gene_train,sample_0040,relay_chain,labyrinth,101.35418939107365,0.37195415472779375,3.0,86.08760736616479,0,0.92,True,0.92,True,0.92,False,0.0
three_gene_train,sample_0041,cross_repress,labyrinth,76.58317830753232,0.4922636103151863,3.0,203.5116668642436,0,1.0,True,1.0,True,1.0,False,0.0
three_gene_train,sample_0042,double_inhibitor,labyrinth,138.75461425865362,0.27169627507163324,2.0,117.2664851879334,0,1.0,True,1.0,True,1.0,False,0.0
three_gene_train,sample_0043,substrate_depl,labyrinth,56.03917690978888,0.6727277936962751,4.0,87.46086244009642,0,0.835,True,0.835,True,0.835,False,0.0
three_gene_train,sample_0044,substrate_depl,spots,93.77153306797179,0.40203151862464187,3.0,225.04456351982662,0,0.785,True,0.785,True,0.785,False,0.0
three_gene_train,sample_0045,substrate_depl,spots,85.26612898631963,0.4421346704871061,2.0,75.6319921751886,0,0.8925,True,0.8925,True,0.8925,False,0.0
three_gene_train,sample_0046,cross_repress,labyrinth,113.60252498129837,0.33185100286532954,3.0,176.304759549025,0,0.8575,True,1.0,False,0.0,True,0.8575
three_gene_train,sample_0047,selfinhib,labyrinth,93.77153306797179,0.40203151862464187,2.0,147.13375875003172,0,0.8625,True,0.8625,True,0.8625,False,0.0
three_gene_train,sample_0048,selfinhib,spots,124.92513253291477,0.3017736389684814,2.0,151.61435036574863,0,0.9925,True,1.0,True,0.9925,False,0.0
three_gene_train,sample_0049,cross_repress,spots,98.69395648696695,0.3819799426934098,2.0,111.74006553356769,0,0.995,True,0.995,False,0.0,True,0.995
three_gene_train,sample_0050,relay_chain,spots,110.27104750646653,0.3418767908309456,3.0,135.72567837731594,0,0.9225,True,0.9225,True,0.8025,False,0.0
three_gene_train,sample_0051,substrate_depl,labyrinth,45.800561962334875,0.8231146131805158,4.0,49.762810396807176,0,0.935,True,0.935,False,0.0,True,0.935
three_gene_train,sample_0052,relay_chain,spots,129.2181303597923,0.2917478510028654,4.0,136.50402485385658,0,0.575,True,0.575,True,0.575,False,0.0
three_gene_train,sample_0053,selfinhib,labyrinth,110.27104750646653,0.3418767908309456,2.0,196.1606293157641,0,1.0,True,1.0,False,0.0,True,1.0
three_gene_train,sample_0054,selfinhib,spots,178.21138366519548,0.21154154727793698,2.0,248.14915231685967,0,0.9925,True,0.9925,True,0.9925,False,0.0
three_gene_train,sample_0055,cross_repress,spots,101.35418939107365,0.37195415472779375,4.0,218.45496930811268,0,0.7925,True,0.7925,True,0.7925,False,0.0
three_gene_train,sample_0056,double_inhibitor,spots,63.62488530989918,0.5925214899713468,4.0,58.06559802877255,0,0.9775,True,0.9775,True,0.9775,False,0.0
three_gene_train,sample_0057,double_inhibitor,spots,120.9082140200523,0.31179942693409746,3.0,240.7340159866933,0,1.0,True,1.0,True,0.9975,False,0.0
three_gene_train,sample_0058,selfinhib,labyrinth,104.16180466962271,0.36192836676217766,3.0,56.161913022921276,0,0.8775,True,1.0,True,0.8775,False,0.0
three_gene_train,sample_0059,cross_repress,spots,56.03917690978888,0.6727277936962751,4.0,26.0159161454191,0,0.6725,True,0.75,True,0.6725,False,0.0
three_gene_train,sample_0060,substrate_depl,spots,87.2444732519532,0.43210888252149,4.0,165.75803100907896,0,1.0,True,1.0,True,1.0,False,0.0
three_gene_train,sample_0061,substrate_depl,labyrinth,89.31680119229944,0.42208309455587395,3.0,130.83794736052002,0,0.95,True,1.0,False,0.0,True,0.9675
three_gene_train,sample_0062,substrate_depl,spots,58.66192582310031,0.642650429799427,3.0,130.23321974048923,0,0.3,True,0.585,False,0.0,True,0.3
three_gene_train,sample_0063,selfinhib,labyrinth,67.02730119379729,0.5624441260744987,2.0,210.7471618560644,0,0.93,True,1.0,False,0.0,True,0.93
three_gene_train,sample_0064,substrate_depl,labyrinth,50.74530916298931,0.7429083094555875,3.0,80.56596506460168,0,0.695,True,1.0,False,0.0,True,0.7025
three_gene_train,sample_0065,double_inhibitor,spots,83.37551667406436,0.4521604584527221,3.0,119.2312778839934,0,0.7575,True,1.0,True,0.7575,False,0.0
three_gene_train,sample_0066,cross_repress,spots,149.81087212190351,0.25164469914040116,3.0,133.05315369939453,0,0.995,True,0.995,True,0.995,False,0.0
three_gene_train,sample_0067,substrate_depl,spots,149.81087212190351,0.25164469914040116,3.0,120.77897589658056,0,1.0,True,1.0,True,1.0,False,0.0
three_gene_train,sample_0068,selfinhib,spots,117.14157280940597,0.3218252148997135,3.0,239.19144021860834,0,1.0,True,1.0,True,1.0,False,0.0
three_gene_train,sample_0069,substrate_depl,labyrinth,64.71998284839984,0.5824957020057308,4.0,108.94576676796518,0,0.985,True,1.0,True,0.985,False,0.0
three_gene_train,sample_0070,cross_repress,labyrinth,96.16979777234158,0.39200573065902583,3.0,226.3160401837384,0,0.8675,True,0.8675,False,0.0,True,0.8675
three_gene_train,sample_0071,double_inhibitor,labyrinth,83.37551667406436,0.4521604584527221,4.0,105.7550024110495,0,0.9,True,0.9,True,0.9,False,0.0
three_gene_train,sample_0072,double_inhibitor,spots,78.17535269091718,0.48223782234957024,4.0,212.37741637911031,0,1.0,True,1.0,True,0.95,False,0.0
three_gene_train,sample_0073,substrate_depl,labyrinth,117.14157280940597,0.3218252148997135,3.0,192.22949849725634,0,0.96,True,0.96,True,0.96,False,0.0
three_gene_train,sample_0074,cross_repress,spots,117.14157280940597,0.3218252148997135,3.0,202.52277806656733,0,0.815,True,1.0,True,0.815,False,0.0
three_gene_train,sample_0075,selfinhib,labyrinth,75.05456410609332,0.5022893982808023,4.0,87.36464171363765,0,1.0,True,1.0,True,1.0,False,0.0
three_gene_train,sample_0076,double_inhibitor,spots,117.14157280940597,0.3218252148997135,4.0,211.83954175603637,0,0.8925,True,0.8925,False,0.0,True,0.8925
three_gene_train,sample_0077,selfinhib,labyrinth,107.12939919906569,0.3519025787965616,4.0,41.04341867647587,0,0.9675,True,0.9675,True,0.9675,False,0.0
three_gene_train,sample_0078,selfinhib,spots,162.781654829313,0.23159312320916908,3.0,229.9002647279373,0,1.0,True,1.0,True,1.0,False,0.0
three_gene_train,sample_0079,double_inhibitor,spots,107.12939919906569,0.3519025787965616,3.0,97.97711581350843,0,1.0,True,1.0,False,0.0,True,1.0
three_gene_train,sample_0080,cross_repress,labyrinth,149.81087212190351,0.25164469914040116,4.0,249.32369702308353,0,0.975,True,0.975,True,0.975,False,0.0
three_gene_train,sample_0081,selfinhib,labyrinth,87.2444732519532,0.43210888252149,3.0,144.31069566084696,0,0.965,True,0.965,True,0.965,False,0.0
three_gene_train,sample_0082,double_inhibitor,spots,70.81417271219,0.5323667621776504,2.0,47.123153096576296,0,0.96,True,0.96,True,0.935,False,0.0
three_gene_train,sample_0083,double_inhibitor,spots,61.542228905429916,0.6125730659025789,2.0,120.8626093636361,0,1.0,True,1.0,True,1.0,False,0.0
three_gene_train,sample_0084,selfinhib,spots,117.14157280940597,0.3218252148997135,4.0,204.1413935740722,0,1.0,True,1.0,True,1.0,False,0.0
three_gene_train,sample_0085,selfinhib,spots,104.16180466962271,0.36192836676217766,4.0,103.59688357662401,0,1.0,True,1.0,False,0.0,True,1.0
three_gene_train,sample_0086,selfinhib,labyrinth,93.77153306797179,0.40203151862464187,3.0,217.94750278389571,0,1.0,True,1.0,True,1.0,False,0.0
three_gene_train,sample_0087,double_inhibitor,labyrinth,81.56692704558535,0.46218624641833816,4.0,193.02400356387759,0,1.0,True,1.0,False,0.0,True,1.0
three_gene_val,sample_0000,cross_repress,stripes,91.48997297253318,0.4120573065902579,2.0,60.84565368033289,0,0.865,True,1.0,False,0.0,True,0.8475
three_gene_val,sample_0001,cross_repress,labyrinth,110.27104750646653,0.3418767908309456,4.0,106.18146642483742,0,0.8975,True,1.0,False,0.0,True,0.8925
three_gene_val,sample_0002,relay_chain,spots,93.77153306797179,0.40203151862464187,3.0,84.95946626169551,0,1.0,True,1.0,True,0.805,False,0.0
three_gene_val,sample_0003,double_inhibitor,labyrinth,50.0696036641146,0.7529340974212035,3.0,33.88234893579222,0,0.69,True,0.7225,False,0.0,True,0.415
three_gene_val,sample_0004,selfinhib,spots,104.16180466962271,0.36192836676217766,2.0,107.83348264194541,0,0.925,True,0.925,False,0.0,True,0.925
three_gene_val,sample_0005,selfinhib,labyrinth,81.56692704558535,0.46218624641833816,4.0,148.5736979031962,0,1.0,True,1.0,True,1.0,False,0.0
three_gene_val,sample_0006,cross_repress,labyrinth,39.95987922198312,0.9434240687679084,4.0,157.688239713737,0,0.7325,True,0.995,False,0.0,False,0.0
three_gene_val,sample_0007,substrate_depl,labyrinth,59.59159563212364,0.632624641833811,3.0,161.1035051099652,0,0.8275,True,0.8325,False,0.0,True,0.8275
three_gene_val,sample_0008,substrate_depl,labyrinth,124.92513253291477,0.3017736389684814,2.0,161.71542713982112,0,0.7525,True,1.0,False,0.0,True,0.755
three_gene_val,sample_0009,selfinhib,spots,54.41719758968506,0.6927793696275072,3.0,59.8759981967344,0,0.7325,True,0.7325,False,0.0,True,0.7325
three_gene_val,sample_0010,relay_chain,spots,138.75461425865362,0.27169627507163324,2.0,106.48131206421459,0,0.9675,True,1.0,False,0.0,False,0.0
three_gene_val,sample_0011,substrate_depl,spots,98.69395648696695,0.3819799426934098,3.0,164.22680203957376,0,0.875,True,0.875,False,0.0,True,0.875
three_gene_val,sample_0012,cross_repress,spots,120.9082140200523,0.31179942693409746,3.0,205.29690976227494,0,0.9925,True,0.9925,False,0.0,True,0.9925
three_gene_val,sample_0013,cross_repress,labyrinth,72.17337659552298,0.5223409742120344,2.0,61.87715298008567,0,0.7275,True,0.9975,False,0.0,False,0.0
three_gene_val,sample_0014,cross_repress,labyrinth,113.60252498129837,0.33185100286532954,2.0,193.7234718814078,0,0.93,True,1.0,True,0.605,False,0.0
three_gene_val,sample_0015,double_inhibitor,spots,65.85343774142133,0.5724699140401147,4.0,100.56860980693646,0,1.0,True,1.0,False,0.0,True,1.0
three_gene_val,sample_0016,cross_repress,spots,78.17535269091718,0.48223782234957024,4.0,151.1810045339676,0,1.0,True,1.0,True,1.0,False,0.0
three_gene_val,sample_0017,cross_repress,spots,44.71136571877067,0.8431661891117479,3.0,21.508205259173323,0,0.9925,True,1.0,True,0.99,False,0.0
three_gene_val,sample_0018,relay_chain,labyrinth,101.35418939107365,0.37195415472779375,4.0,166.82296040946125,0,0.765,True,0.765,True,0.61,False,0.0
